"Model","Scenario","Region","Variable","Unit","2000","2005","2010","2015","2020","2025","2030","2035","2040","2045","2050","2055","2060","2065","2070","2075","2080","2085","2090","2095","2100"
"AIM/CGE 2.0","ADVANCE_2020_1.5C-2100","World","Carbon Sequestration|CCS|Biomass","Mt CO2/yr","",0,0,0,0,0.7553,64.1828,620.8491,2198.6567,4206.7653,6313.5634,8850.2655,10378.3914,11915.0112,12757.8251,12970.6046,13109.3657,13079.475,12746.8163,14425.4696,14345.9453
"AIM/CGE 2.0","ADVANCE_2020_Med2C","World","Carbon Sequestration|CCS|Biomass","Mt CO2/yr","",0,0,0,0,0,28.9408,270.2374,938.6529,1877.9566,2576.8608,3429.4875,4697.5802,5614.148,6008.1751,6274.3171,6238.2805,6230.855,6645.725,7381.4258,7987.0365
"AIM/CGE 2.0","ADVANCE_2020_WB2C","World","Carbon Sequestration|CCS|Biomass","Mt CO2/yr","",0,0,0,0,0,29.1757,438.7937,1383.704,2571.3908,3658.6111,4729.0225,5755.7952,6652.4497,7008.7308,7248.2629,7479.3816,7733.5478,7981.9948,8209.3024,8418.9745
"AIM/CGE 2.0","ADVANCE_2030_Med2C","World","Carbon Sequestration|CCS|Biomass","Mt CO2/yr","",0,0,0,0,0.2391,8.3296,28.7089,487.1799,1419.6706,2481.9496,3635.761,4773.9748,5743.9093,6246.135,6553.5131,6836.3723,7124.7454,7444.4556,7768.5683,8091.6829
"AIM/CGE 2.0","ADVANCE_2030_Price1.5C","World","Carbon Sequestration|CCS|Biomass","Mt CO2/yr","",0,0,0,0,0.261,9.0192,201.1176,1112.2799,2867.6452,4509.9625,6057.5558,7067.7188,7441.8826,7851.1327,8054.592,8169.4951,8279.7218,8466.1948,8546.5986,8709.7847
"AIM/CGE 2.0","ADVANCE_2030_WB2C","World","Carbon Sequestration|CCS|Biomass","Mt CO2/yr","",0,0,0,0,0.2391,8.3296,28.8043,489.8501,2022.1901,3352.0381,4841.9517,6290.277,7449.2811,7425.1051,7593.3456,7672.7204,7737.7202,7813.3563,7895.2755,7921.141
"AIM/CGE 2.0","ADVANCE_INDC","World","Carbon Sequestration|CCS|Biomass","Mt CO2/yr","",0,0,0,0,0.3342,10.7272,104.9251,391.9496,798.1477,1230.5367,1773.793,2316.6421,1129.5038,1421.7423,1757.7459,2098.4029,2375.5573,2714.7725,3107.0498,3400.2355
"AIM/CGE 2.0","SSP1-19","World","Carbon Sequestration|CCS|Biomass","Mt CO2/yr","",0,0,"",0,"",5.6526,"",507.127,"",1391.1523,"",2347.4837,"",2880.9973,"",3026.2328,"",3164.8677,"",3246.0161
"AIM/CGE 2.0","SSP1-26","World","Carbon Sequestration|CCS|Biomass","Mt CO2/yr","",0,0,"",0,"",0,"",18.5966,"",415.6092,"",1363.8244,"",2335.2221,"",2595.3129,"",2875.0978,"",3027.9907
"AIM/CGE 2.0","SSP1-34","World","Carbon Sequestration|CCS|Biomass","Mt CO2/yr","",0,0,"",0,"",0,"",0,"",0,"",0,"",0,"",308.9091,"",678.0178,"",951.6729
"AIM/CGE 2.0","SSP2-19","World","Carbon Sequestration|CCS|Biomass","Mt CO2/yr","",0,0,"",0,"",110.2349,"",1963.8959,"",4531.4441,"",6895.5093,"",8731.1341,"",9563.2304,"",10320.7536,"",11129.2194
"AIM/CGE 2.0","SSP2-26","World","Carbon Sequestration|CCS|Biomass","Mt CO2/yr","",0,0,"",0,"",15.4349,"",1037.3224,"",3184.8776,"",5339.8518,"",7436.0548,"",8484.5548,"",9475.9346,"",10385.6607
"AIM/CGE 2.0","SSP2-34","World","Carbon Sequestration|CCS|Biomass","Mt CO2/yr","",0,0,"",0,"",0,"",59.6411,"",995.7099,"",3244.0577,"",5481.7981,"",6877.2096,"",7827.3474,"",8888.6398
"AIM/CGE 2.0","SSP2-45","World","Carbon Sequestration|CCS|Biomass","Mt CO2/yr","",0,0,"",0,"",0,"",0,"",0,"",0,"",1137.5541,"",3169.5962,"",5041.607,"",6738.4067
"AIM/CGE 2.0","SSP3-34","World","Carbon Sequestration|CCS|Biomass","Mt CO2/yr","",0,0,"",0,"",0,"",316.6459,"",2422.9314,"",5095.8183,"",7895.3019,"",9787.1427,"",11407.3191,"",12639.2899
"AIM/CGE 2.0","SSP3-45","World","Carbon Sequestration|CCS|Biomass","Mt CO2/yr","",0,0,"",0,"",0,"",0,"",254.7949,"",2866.9925,"",5957.0845,"",7305.0747,"",8821.6744,"",10637.4678
"AIM/CGE 2.0","SSP3-60","World","Carbon Sequestration|CCS|Biomass","Mt CO2/yr","",0,0,"",0,"",0,"",0,"",0,"",0,"",0,"",377.485,"",1686.7612,"",3454.1912
"AIM/CGE 2.0","SSP4-26","World","Carbon Sequestration|CCS|Biomass","Mt CO2/yr","",0,0,"",0,"",1.0433,"",468.8305,"",1709.9181,"",3423.6919,"",5135.6025,"",5615.5934,"",5916.6174,"",6058.5905
"AIM/CGE 2.0","SSP4-34","World","Carbon Sequestration|CCS|Biomass","Mt CO2/yr","",0,0,"",0,"",0,"",0,"",0,"",128.8574,"",1009.8105,"",1620.6542,"",2529.297,"",3303.2675
"AIM/CGE 2.0","SSP4-45","World","Carbon Sequestration|CCS|Biomass","Mt CO2/yr","",0,0,"",0,"",0,"",0,"",0,"",0,"",0,"",0,"",0,"",338.4486
"AIM/CGE 2.0","SSP5-26","World","Carbon Sequestration|CCS|Biomass","Mt CO2/yr","",0,0,"",0,"",0,"",1783.7364,"",7777.5995,"",13235.644,"",17167.8987,"",19456.3656,"",21577.5308,"",23605.416
"AIM/CGE 2.0","SSP5-34","World","Carbon Sequestration|CCS|Biomass","Mt CO2/yr","",0,0,"",0,"",0,"",915.2228,"",5129.2303,"",9969.2331,"",13729.1129,"",16465.5183,"",18950.8696,"",21092.4273
"AIM/CGE 2.0","SSP5-45","World","Carbon Sequestration|CCS|Biomass","Mt CO2/yr","",0,0,"",0,"",0,"",70.8875,"",2172.4178,"",6937.8042,"",11667.7684,"",13682.5071,"",16091.8646,"",18514.4492
"AIM/CGE 2.0","SSP5-60","World","Carbon Sequestration|CCS|Biomass","Mt CO2/yr","",0,0,"",0,"",0,"",0,"",177.6988,"",1521.1145,"",2812.8484,"",4188.333,"",5369.2904,"",6329.5564
"AIM/CGE 2.1","CD-LINKS_INDCi","World","Carbon Sequestration|CCS|Biomass","Mt CO2/yr","",0,0,0,0,0,2.25,8.2448,2.5016,3.3386,4.3165,5.6265,7.1129,8.4225,9.238,10.029,10.7738,11.4522,12.0628,12.7504,13.5586
"AIM/CGE 2.1","CD-LINKS_NPi2020_1000","World","Carbon Sequestration|CCS|Biomass","Mt CO2/yr","",0,0,0,0,0,0,144.6146,1260.9611,2558.7906,2254.8763,3900.1412,6288.1112,7829.134,8318.6416,8728.6295,9132.335,9224.3094,9636.5193,10354.7097,10887.9744
"AIM/CGE 2.1","CD-LINKS_NPi2020_1600","World","Carbon Sequestration|CCS|Biomass","Mt CO2/yr","",0,0,0,0,0,0,63.0224,7.3993,10.7837,14.1361,488.5405,1378.2159,2424.2205,2454.2215,2459.0405,2384.3845,2309.6325,2588.803,3202.6288,4347.1306
"AIM/CGE 2.1","CD-LINKS_NPi2020_400","World","Carbon Sequestration|CCS|Biomass","Mt CO2/yr","",0,0,0,0,0,0,257.7562,1716.9055,3540.2001,5025.0398,5663.7651,6302.6348,7011.3786,7397.6485,7620.7502,7604.6165,7679.038,7910.4391,8132.8724,7771.8194
"AIM/CGE 2.1","EMF33_Med2C_cost100","World","Carbon Sequestration|CCS|Biomass","Mt CO2/yr","",0,0,0,0,0,3.9578,96.4454,490.2772,1184.0251,1426.4816,1916.6532,3235.1447,4699.7346,5492.1165,5778.9616,5978.9314,5931.3288,5880.0707,5877.3805,5867.6701
"AIM/CGE 2.1","EMF33_Med2C_full","World","Carbon Sequestration|CCS|Biomass","Mt CO2/yr","",0,0,0,0,0,5.9102,152.2573,723.733,1418.9422,1657.6451,2207.4509,3682.3006,5390.0388,6693.8121,6714.6462,6681.8537,6587.9328,6496.8383,6437.9255,6311.516
"AIM/CGE 2.1","EMF33_WB2C_cost100","World","Carbon Sequestration|CCS|Biomass","Mt CO2/yr","",0,0,0,0,0,3.9578,162.2477,862.7478,1850.5211,2830.7538,3940.299,5076.2953,6043.9507,6300.3892,6524.7399,6805.1686,7064.297,7310.4404,7534.0098,7770.2261
"AIM/CGE 2.1","EMF33_WB2C_full","World","Carbon Sequestration|CCS|Biomass","Mt CO2/yr","",0,0,0,0,0,5.9102,233.2331,1085.5926,2355.2975,3640.9203,5099.6951,6448.9601,7451.0306,7694.0491,7998.6537,8323.7852,8663.9422,9021.5954,9338.0466,9670.5221
"AIM/CGE 2.1","EMF33_tax_hi_full","World","Carbon Sequestration|CCS|Biomass","Mt CO2/yr","",0,0,0,0,0,0,0,0,0,156.9761,672.9494,1368.1113,2018.1938,2665.9119,3068.9183,3252.7583,3411.9399,3542.2544,3650.9698,3736.0303
"AIM/CGE 2.1","EMF33_tax_lo_full","World","Carbon Sequestration|CCS|Biomass","Mt CO2/yr","",0,0,0,0,0,0,0,0,0,0,0,0,0,0,0,296.4361,990.1603,1750.1623,2451.8713,3142.0596
"AIM/CGE 2.1","TERL_15D_LowCarbonTransportPolicy","World","Carbon Sequestration|CCS|Biomass","Mt CO2/yr","",0,0,0,0,0,13.7901,432.6521,1486.5433,2978.4109,4568.6448,6236.2758,7542.6671,8992.554,9802.1704,10239.6968,10600.2364,10592.3337,10359.4336,9672.2123,9371.917
"AIM/CGE 2.1","TERL_15D_NoTransportPolicy","World","Carbon Sequestration|CCS|Biomass","Mt CO2/yr","",0,0,0,0,0,18.2314,492.4866,1599.3919,3094.227,4707.8665,6425.2941,7612.5109,8851.5643,9351.0765,9524.7104,9451.9353,9046.0079,8408.9918,7170.9734,6437.5494
"AIM/CGE 2.1","TERL_2D_LowCarbonTransportPolicy","World","Carbon Sequestration|CCS|Biomass","Mt CO2/yr","",0,0,0,0,0,5.5082,85.892,91.2565,203.611,592.7268,1632.215,3679.1124,5840.2991,7566.983,9031.0522,9946.3938,10354.9105,10682.4658,10772.2764,10686.6517
"AIM/CGE 2.1","TERL_2D_NoTransportPolicy","World","Carbon Sequestration|CCS|Biomass","Mt CO2/yr","",0,0,0,0,0,7.4989,115.2423,350.8022,649.0238,1223.1792,2704.3085,5182.4823,7770.4397,9017.7666,9478.4309,9830.3894,10000.0685,9988.8637,9761.1617,9367.0188
"C-ROADS-5.005","Ratchet-1.5-allCDR","World","Carbon Sequestration|CCS|Biomass","Mt CO2/yr","",0,0,0,0,986.186,2107.11,2428.09,2488.95,2498.47,2499.8,2499.98,2500,2500,2500,2500,2500,2500,2500,2500,2500
"C-ROADS-5.005","Ratchet-1.5-limCDR","World","Carbon Sequestration|CCS|Biomass","Mt CO2/yr","",0,0,0,0,0,0,0,0,0,0,0,0,0,0,0,0,0,0,0,0
"C-ROADS-5.005","Ratchet-1.5-limCDR-noOS","World","Carbon Sequestration|CCS|Biomass","Mt CO2/yr","",0,0,0,0,0,0,0,0,0,0,0,0,0,0,0,0,0,0,0,0
"C-ROADS-5.005","Ratchet-1.5-noCDR","World","Carbon Sequestration|CCS|Biomass","Mt CO2/yr","",0,0,0,0,0,0,0,0,0,0,0,0,0,0,0,0,0,0,0,0
"C-ROADS-5.005","Ratchet-1.5-noCDR-noOS","World","Carbon Sequestration|CCS|Biomass","Mt CO2/yr","",0,0,0,0,0,0,0,0,0,0,0,0,0,0,0,0,0,0,0,0
"C-ROADS-5.005","Reference","World","Carbon Sequestration|CCS|Biomass","Mt CO2/yr","",0,0,0,0,0,0,0,0,0,0,0,0,0,0,0,0,0,0,0,0
"GCAM 4.2","SSP1-19","World","Carbon Sequestration|CCS|Biomass","Mt CO2/yr","",0,0,"",45.39518072,"",473.749495,"",1039.541783,"",2339.604818,"",4991.8146,"",7505.219507,"",9436.110044,"",11361.07806,"",13923.20397
"GCAM 4.2","SSP1-26","World","Carbon Sequestration|CCS|Biomass","Mt CO2/yr","","",0,"",46.09077816,"",229.0168681,"",427.8560287,"",680.0789501,"",1486.445753,"",3376.110089,"",6363.896502,"",8750.973731,"",10561.47249
"GCAM 4.2","SSP1-34","World","Carbon Sequestration|CCS|Biomass","Mt CO2/yr","","",0,"",46.09077816,"",146.8527652,"",243.6570438,"",319.3653487,"",454.1081165,"",701.5625734,"",1381.102419,"",3064.443269,"",5875.21387
"GCAM 4.2","SSP1-45","World","Carbon Sequestration|CCS|Biomass","Mt CO2/yr","","",0,"",46.09077816,"",123.6643695,"",190.0860158,"",233.0939129,"",293.114569,"",346.9967145,"",459.084666,"",605.8122594,"",686.5795002
"GCAM 4.2","SSP1-Baseline","World","Carbon Sequestration|CCS|Biomass","Mt CO2/yr","","",0,"",0,"",0,"",0,"",0,"",0,"",0,"",0,"",0,"",0
"GCAM 4.2","SSP2-19","World","Carbon Sequestration|CCS|Biomass","Mt CO2/yr","",0,0,"",58.84056002,"",848.5469754,"",5618.543202,"",9167.895503,"",11091.76439,"",13145.37005,"",16275.85387,"",21523.09233,"",28983.55579
"GCAM 4.2","SSP2-26","World","Carbon Sequestration|CCS|Biomass","Mt CO2/yr","","",0,"",59.35758187,"",169.6974472,"",2525.806846,"",5860.672878,"",8789.990195,"",11344.13,"",14156.90742,"",17644.1958,"",23528.20677
"GCAM 4.2","SSP2-34","World","Carbon Sequestration|CCS|Biomass","Mt CO2/yr","","",0,"",59.35758187,"",169.6974472,"",541.1214031,"",1556.862655,"",3261.802285,"",5779.953428,"",9169.574194,"",12188.91295,"",15254.5032
"GCAM 4.2","SSP2-45","World","Carbon Sequestration|CCS|Biomass","Mt CO2/yr","","",0,"",59.35758187,"",169.6974472,"",418.4022067,"",1027.110581,"",2197.701313,"",4048.115824,"",6269.607829,"",7740.230424,"",9611.480414
"GCAM 4.2","SSP2-60","World","Carbon Sequestration|CCS|Biomass","Mt CO2/yr","","",0,"",59.35758187,"",169.6974472,"",241.8482044,"",342.2842103,"",461.7250589,"",579.1859674,"",794.3640619,"",1216.323051,"",2227.957584
"GCAM 4.2","SSP2-Baseline","World","Carbon Sequestration|CCS|Biomass","Mt CO2/yr","","",0,"",0,"",0,"",0,"",0,"",0,"",0,"",0,"",0,"",0
"GCAM 4.2","SSP3-Baseline","World","Carbon Sequestration|CCS|Biomass","Mt CO2/yr","","",0,"",0,"",0,"",0,"",0,"",0,"",0,"",0,"",0,"",0
"GCAM 4.2","SSP4-26","World","Carbon Sequestration|CCS|Biomass","Mt CO2/yr","","",0,"",63.44784384,"",1558.426104,"",3650.670817,"",6237.648239,"",9532.67733,"",12663.30132,"",15684.99854,"",18705.2891,"",23713.46751
"GCAM 4.2","SSP4-34","World","Carbon Sequestration|CCS|Biomass","Mt CO2/yr","","",0,"",63.44784436,"",513.8363313,"",1343.569877,"",2690.60614,"",5005.424528,"",8040.044438,"",11206.57702,"",14205.85582,"",17146.46638
"GCAM 4.2","SSP4-45","World","Carbon Sequestration|CCS|Biomass","Mt CO2/yr","","",0,"",63.44784436,"",319.3407228,"",728.8057402,"",1387.229395,"",2660.596055,"",4684.329802,"",5416.087424,"",5883.447851,"",7025.113686
"GCAM 4.2","SSP4-60","World","Carbon Sequestration|CCS|Biomass","Mt CO2/yr","","",0,"",63.44784436,"",177.7277334,"",299.7851376,"",401.6093179,"",548.9620413,"",663.9571578,"",827.5452617,"",1110.128254,"",1686.669882
"GCAM 4.2","SSP4-Baseline","World","Carbon Sequestration|CCS|Biomass","Mt CO2/yr","","",0,"",0,"",0,"",0,"",0,"",0,"",0,"",0,"",0,"",0
"GCAM 4.2","SSP5-19","World","Carbon Sequestration|CCS|Biomass","Mt CO2/yr","",0,0,"",59.8687145,"",1774.181509,"",8052.133733,"",10281.30363,"",11069.74688,"",12446.62417,"",14839.31063,"",17349.79649,"",21900.49752
"GCAM 4.2","SSP5-26","World","Carbon Sequestration|CCS|Biomass","Mt CO2/yr","","",0,"",60.91617741,"",187.2659975,"",5052.797374,"",9012.508912,"",10790.79882,"",12407.921,"",14701.41104,"",16480.43597,"",19663.99167
"GCAM 4.2","SSP5-34","World","Carbon Sequestration|CCS|Biomass","Mt CO2/yr","","",0,"",60.91617596,"",187.2659958,"",1641.778717,"",4518.210852,"",7173.961682,"",9541.060604,"",11955.89898,"",14019.83271,"",15911.15615
"GCAM 4.2","SSP5-45","World","Carbon Sequestration|CCS|Biomass","Mt CO2/yr","","",0,"",60.91617596,"",187.2659958,"",761.7934193,"",2397.763593,"",4614.853131,"",7196.831277,"",9973.684727,"",10837.4923,"",11398.63859
"GCAM 4.2","SSP5-60","World","Carbon Sequestration|CCS|Biomass","Mt CO2/yr","","",0,"",60.91617596,"",187.2659958,"",332.9780453,"",616.8511004,"",1022.987903,"",1770.470716,"",3521.841626,"",6009.393738,"",9044.88368
"GCAM 4.2","SSP5-Baseline","World","Carbon Sequestration|CCS|Biomass","Mt CO2/yr","","",0,"",0,"",0,"",0,"",0,"",0,"",0,"",0,"",0,"",0
"IEA World Energy Model 2017","Faster Transition Scenario","World","Carbon Sequestration|CCS|Biomass","Mt CO2/yr","",0,0,0,0.081980104,2.060545596,17.47351945,74.34736014,143.2986959,201.2819872,257.6843623,"","","","","","","","","",""
"IMAGE 3.0.1","ADVANCE_2020_1.5C-2100","World","Carbon Sequestration|CCS|Biomass","Mt CO2/yr","",0,0,0.040585232,0.153441164,3.164167957,207.9506408,2865.155462,6987.829835,10372.78832,11896.81388,13141.81867,13481.87225,13806.10854,14043.55936,14072.25194,14221.27936,14411.53219,14370.18671,14452.69683,14510.03483
"IMAGE 3.0.1","ADVANCE_2020_Med2C","World","Carbon Sequestration|CCS|Biomass","Mt CO2/yr","",0,0,2.058671461,9.771060309,12.44372808,40.05522417,261.187776,1099.871017,2520.396379,3298.638453,3853.522263,4549.682143,5054.57869,5720.912818,6504.109303,7171.473356,7707.888164,8020.118441,8127.076006,8138.193732
"IMAGE 3.0.1","ADVANCE_2020_WB2C","World","Carbon Sequestration|CCS|Biomass","Mt CO2/yr","",0,0,2.058859752,9.599770666,45.67826098,170.6896059,1178.465324,2637.359716,3369.552282,3812.797089,3979.456604,4872.096198,5678.899304,6482.093659,6829.643628,7014.930538,7356.752234,7349.327197,7232.329497,7301.484344
"IMAGE 3.0.1","ADVANCE_2030_Med2C","World","Carbon Sequestration|CCS|Biomass","Mt CO2/yr","",0,0,2.058671461,9.775703409,14.74165193,31.57520345,108.51696,212.8604626,589.2383647,1532.659289,3033.976885,3956.223887,4795.16662,5155.503719,5299.083959,5987.462163,6446.226601,6617.23569,6633.642348,6590.352247
"IMAGE 3.0.1","ADVANCE_2030_WB2C","World","Carbon Sequestration|CCS|Biomass","Mt CO2/yr","",0,0,2.058859752,9.58562906,13.65957833,48.92377553,166.5128096,1025.287806,2557.781649,3123.884687,3109.275538,3486.426296,3833.316305,4231.021486,4245.419502,4098.156504,4368.796623,5570.278308,6300.618739,6660.833551
"IMAGE 3.0.1","ADVANCE_INDC","World","Carbon Sequestration|CCS|Biomass","Mt CO2/yr","",0,0,2.058671461,9.775703409,14.74747126,32.34038776,109.4449479,314.1120488,579.8613008,761.6240674,1201.962264,1585.533862,1881.486262,2104.229638,2176.338855,2136.996539,2040.83571,1931.038049,1858.448974,1917.751983
"IMAGE 3.0.1","ADVANCE_NoPolicy","World","Carbon Sequestration|CCS|Biomass","Mt CO2/yr","",0,0,0,0,0,0,0,0,0,0,0,0,0,0,0,0,0,0,0,0
"IMAGE 3.0.1","ADVANCE_Reference","World","Carbon Sequestration|CCS|Biomass","Mt CO2/yr","",0,0,2.058671461,9.786097901,12.03898677,15.81662005,17.06947815,18.17603642,21.97968867,29.21287447,31.66330091,32.91107681,33.63405278,34.01218007,31.30795343,26.27129094,19.71477766,14.88548144,11.94392597,9.987394017
"IMAGE 3.0.1","CD-LINKS_INDCi","World","Carbon Sequestration|CCS|Biomass","Mt CO2/yr","",0,0,0.841835141,1.594781626,5.407757816,10.74876877,53.65683561,154.2714859,141.5290077,104.2653265,"",89.96556276,"",112.5021135,"",68.05191226,"",12.52514439,"",3.872326573
"IMAGE 3.0.1","CD-LINKS_NPi","World","Carbon Sequestration|CCS|Biomass","Mt CO2/yr","",0,0,0,0,0,0,0,0.002528331,0.006012211,0.006167913,"",1.21581394,"",10.07364201,"",4.299542465,"",2.774159337,"",23.62860671
"IMAGE 3.0.1","CD-LINKS_NPi2020_1000","World","Carbon Sequestration|CCS|Biomass","Mt CO2/yr","",0,0,0,0,0.000683746,41.31740554,506.7782759,1838.728946,3021.370559,3391.329378,"",4511.892866,"",6022.644278,"",7028.448377,"",7474.128368,"",6988.9759
"IMAGE 3.0.1","CD-LINKS_NPi2020_1600","World","Carbon Sequestration|CCS|Biomass","Mt CO2/yr","",0,0,0,0,0,31.38871241,265.9883624,1212.560536,2559.287618,3163.801443,"",4142.954008,"",5776.580021,"",7249.961901,"",7572.175375,"",7733.511207
"IMAGE 3.0.1","CD-LINKS_NPi2020_400","World","Carbon Sequestration|CCS|Biomass","Mt CO2/yr","",0,0,0,0,0.211641775,337.7118794,2468.131556,6592.809894,9804.650558,11349.80644,"",12690.36266,"",14352.24126,"",14939.04831,"",15078.60168,"",15104.37184
"IMAGE 3.0.1","CD-LINKS_NoPolicy","World","Carbon Sequestration|CCS|Biomass","Mt CO2/yr","",0,0,0,0,0,0,0,0,0,0,"",0,"",0,"",0,"",0,"",0
"IMAGE 3.0.1","IMA15-AGInt","World","Carbon Sequestration|CCS|Biomass","Mt CO2/yr","",0,0,0,7.24297e-15,0.0000657176,0.025735302,31.54606496,625.5708517,3227.155724,6147.834693,"",8836.645809,"",10471.76451,"",11353.43216,"",10095.81384,"",12373.2999
"IMAGE 3.0.1","IMA15-Def","World","Carbon Sequestration|CCS|Biomass","Mt CO2/yr","",0,0,0,0.186557864,142.3119286,2046.681941,6363.214165,10110.80913,11666.53722,12266.03882,"",13472.34892,"",14589.7406,"",14890.73802,"",15005.31354,"",15717.6207
"IMAGE 3.0.1","IMA15-Eff","World","Carbon Sequestration|CCS|Biomass","Mt CO2/yr","",0,0,0,7.11337e-15,25.57099876,1230.19937,5045.95839,8956.11011,10968.90733,11854.09332,"",13119.63923,"",14310.26708,"",14478.86149,"",14623.67259,"",15533.36593
"IMAGE 3.0.1","IMA15-LiStCh","World","Carbon Sequestration|CCS|Biomass","Mt CO2/yr","",0,0,0,5.14136e-14,0.0000176339,0.007470909,20.73717777,118.0605413,1100.069235,3182.859185,"",5752.311724,"",7548.386318,"",9316.439286,"",9215.908905,"",9690.734049
"IMAGE 3.0.1","IMA15-LoNCO2","World","Carbon Sequestration|CCS|Biomass","Mt CO2/yr","",0,0,0,7.24297e-15,0.0000286295,0.003774022,17.63429446,72.09760013,254.7642893,758.3882722,"",1867.067019,"",3551.816838,"",5654.301092,"",6939.39816,"",6670.879888
"IMAGE 3.0.1","IMA15-Pop","World","Carbon Sequestration|CCS|Biomass","Mt CO2/yr","",0,0,0,7.22435e-15,0.000130291,0.284410578,55.80298013,2321.234639,5751.827594,8468.888721,"",11424.11132,"",12937.61797,"",13630.02746,"",13069.13524,"",15019.23892
"IMAGE 3.0.1","IMA15-RenElec","World","Carbon Sequestration|CCS|Biomass","Mt CO2/yr","",0,0,0,7.32619e-15,0.000133586,0.395111446,168.0066859,3149.551331,6300.261538,8086.059334,"",11200.56502,"",13741.05143,"",14632.80327,"",14926.39707,"",15251.17115
"IMAGE 3.0.1","IMA15-TOT","World","Carbon Sequestration|CCS|Biomass","Mt CO2/yr","",0,0,0,4.83861e-15,3.87761e-7,0.00000200478,0.0000150977,0.0000457508,0.000152892,0.094639818,"",0.088683627,"",0.071516428,"",0.054543652,"",0.051858247,"",0.333668967
"IMAGE 3.0.1","SSP1-19","World","Carbon Sequestration|CCS|Biomass","Mt CO2/yr","",0,0,"",48.30012847,"",1001.573983,"",3547.881355,"",4244.053177,"",5180.821375,"",6748.824947,"",9072.973656,"",11448.35601,"",14863.33863
"IMAGE 3.0.1","SSP1-26","World","Carbon Sequestration|CCS|Biomass","Mt CO2/yr","",0,0,"",0,"",18.08661937,"",579.8237281,"",1571.77314,"",3406.105493,"",5531.164173,"",9437.241775,"",12869.30772,"",11905.83895
"IMAGE 3.0.1","SSP1-34","World","Carbon Sequestration|CCS|Biomass","Mt CO2/yr","",0,0,"",2.70337e-23,"",2.68188e-23,"",0.040209217,"",1.624083599,"",83.99178947,"",699.327848,"",3001.087249,"",8500.910441,"",11460.77466
"IMAGE 3.0.1","SSP1-45","World","Carbon Sequestration|CCS|Biomass","Mt CO2/yr","",0,0,"",3.69938e-19,"",0.005632408,"",0.00560929,"",0.003645922,"",2.6718e-10,"",0,"",107.7668035,"",746.72434,"",1966.141097
"IMAGE 3.0.1","SSP1-Baseline","World","Carbon Sequestration|CCS|Biomass","Mt CO2/yr","",0,0,"",0,"",0,"",0,"",0,"",0,"",0,"",0,"",0,"",0
"IMAGE 3.0.1","SSP2-26","World","Carbon Sequestration|CCS|Biomass","Mt CO2/yr","",0,0,"",7.913337967,"",346.1378682,"",2941.539504,"",3606.227606,"",4919.626099,"",6157.614716,"",7102.321428,"",7063.429053,"",7499.498959
"IMAGE 3.0.1","SSP2-34","World","Carbon Sequestration|CCS|Biomass","Mt CO2/yr","",0,0,"",0.345387759,"",19.50189156,"",126.1409348,"",880.9603435,"",3633.409015,"",4967.516706,"",7008.564492,"",8121.666895,"",8338.414567
"IMAGE 3.0.1","SSP2-45","World","Carbon Sequestration|CCS|Biomass","Mt CO2/yr","",0,0,"",0.0000122528,"",0.0000403068,"",0.085849138,"",24.89335187,"",81.67668993,"",353.2210984,"",1663.857475,"",4149.159628,"",4142.831117
"IMAGE 3.0.1","SSP2-60","World","Carbon Sequestration|CCS|Biomass","Mt CO2/yr","",0,0,"",0,"",0.000185374,"",0.000185447,"",0.000139104,"",4.73263e-7,"",0,"",0.935584584,"",42.016812,"",48.84906499
"IMAGE 3.0.1","SSP2-Baseline","World","Carbon Sequestration|CCS|Biomass","Mt CO2/yr","",0,0,"",0,"",0,"",0,"",0,"",0,"",0,"",0,"",0,"",0
"IMAGE 3.0.1","SSP3-34","World","Carbon Sequestration|CCS|Biomass","Mt CO2/yr","",0,0,"",1.683082607,"",56.06378746,"",1101.170242,"",2978.76084,"",3589.952884,"",5005.946745,"",5021.34702,"",4961.264609,"",4642.484589
"IMAGE 3.0.1","SSP3-45","World","Carbon Sequestration|CCS|Biomass","Mt CO2/yr","",0,0,"",0,"",0,"",34.39776789,"",342.6455445,"",687.1159788,"",2656.861499,"",4685.006918,"",5496.675516,"",6041.689728
"IMAGE 3.0.1","SSP3-60","World","Carbon Sequestration|CCS|Biomass","Mt CO2/yr","",0,0,"",0,"",1.42924e-12,"",1.41957e-12,"",7.64705e-13,"",0.04405724,"",159.200099,"",543.3113938,"",677.4869621,"",718.1037816
"IMAGE 3.0.1","SSP3-Baseline","World","Carbon Sequestration|CCS|Biomass","Mt CO2/yr","",0,0,"",0,"",0,"",0,"",0,"",0,"",0,"",0,"",0,"",0
"IMAGE 3.0.1","SSP4-26","World","Carbon Sequestration|CCS|Biomass","Mt CO2/yr","",0,0,"",8.874220931,"",590.0397949,"",2862.011626,"",3017.773604,"",3628.764999,"",3740.802672,"",3553.195325,"",3520.367373,"",3859.342592
"IMAGE 3.0.1","SSP4-34","World","Carbon Sequestration|CCS|Biomass","Mt CO2/yr","",0,0,"",2.796963097,"",25.40833678,"",660.0643918,"",1381.79152,"",2960.259267,"",4234.043287,"",5215.948266,"",6058.585623,"",6832.865157
"IMAGE 3.0.1","SSP4-45","World","Carbon Sequestration|CCS|Biomass","Mt CO2/yr","",0,0,"",5.09771e-26,"",0.105221952,"",0.606084418,"",12.45553883,"",287.9710901,"",938.517213,"",1455.980797,"",3877.063434,"",5311.860683
"IMAGE 3.0.1","SSP4-60","World","Carbon Sequestration|CCS|Biomass","Mt CO2/yr","",0,0,"",0,"",0.000263252,"",0.001572399,"",0.001351903,"",0.000975346,"",0,"",0,"",0,"",0
"IMAGE 3.0.1","SSP4-Baseline","World","Carbon Sequestration|CCS|Biomass","Mt CO2/yr","",0,0,"",0,"",0,"",0,"",0,"",0,"",0,"",0,"",0,"",0
"IMAGE 3.0.1","SSP5-34","World","Carbon Sequestration|CCS|Biomass","Mt CO2/yr","",0,0,"",0.581708395,"",54.64258476,"",457.4196512,"",2061.252598,"",3858.700754,"",5077.670676,"",6050.192464,"",6772.951916,"",6999.988225
"IMAGE 3.0.1","SSP5-45","World","Carbon Sequestration|CCS|Biomass","Mt CO2/yr","",0,0,"",0.00000138593,"",0.064382582,"",14.04114633,"",310.936845,"",2429.042056,"",3349.27745,"",5011.776877,"",5907.141096,"",7042.191918
"IMAGE 3.0.1","SSP5-60","World","Carbon Sequestration|CCS|Biomass","Mt CO2/yr","",0,0,"",0,"",0,"",0,"",0.649915087,"",63.70212306,"",390.5648968,"",1319.195223,"",2679.547156,"",5118.667588
"IMAGE 3.0.1","SSP5-Baseline","World","Carbon Sequestration|CCS|Biomass","Mt CO2/yr","",0,0,"",0,"",0,"",0,"",0,"",0,"",0,"",0,"",0,"",0
"IMAGE 3.0.2","EMF33_Baseline","World","Carbon Sequestration|CCS|Biomass","Mt CO2/yr",0,0,0,"",0,"",0,"",0,"",0,"",0,"",0,"",0,"",0,"",0
"IMAGE 3.0.2","EMF33_Med2C_cost100","World","Carbon Sequestration|CCS|Biomass","Mt CO2/yr",0,0,0,"",0.000128228,"",14.28067457,"",171.924796,"",1911.380466,"",2521.3262,"",6076.926195,"",7772.617866,"",8561.193741,"",9401.594877
"IMAGE 3.0.2","EMF33_Med2C_full","World","Carbon Sequestration|CCS|Biomass","Mt CO2/yr",0,0,0,"",0.000128167,"",17.71736821,"",1991.842986,"",4915.347337,"",5578.071958,"",6763.968583,"",8021.995724,"",8895.774375,"",9710.178055
"IMAGE 3.0.2","EMF33_Med2C_limbio","World","Carbon Sequestration|CCS|Biomass","Mt CO2/yr",0,0,0,"",0.0000754707,"",7.461629567,"",1006.833105,"",2027.823899,"",1759.990606,"",3161.486755,"",5184.70076,"",6450.556359,"",6647.144877
"IMAGE 3.0.2","EMF33_Med2C_nobeccs","World","Carbon Sequestration|CCS|Biomass","Mt CO2/yr",0,0,0,"",0,"",0,"",0,"",0,"",0,"",0,"",0,"",0,"",0.00000104824
"IMAGE 3.0.2","EMF33_Med2C_nofuel","World","Carbon Sequestration|CCS|Biomass","Mt CO2/yr",0,0,0,"",0.00018185,"",30.00220379,"",1485.887555,"",3890.861155,"",4656.212383,"",6142.050077,"",7412.99088,"",8360.246202,"",9066.542297
"IMAGE 3.0.2","EMF33_Med2C_none","World","Carbon Sequestration|CCS|Biomass","Mt CO2/yr",0,0,0,"",0,"",0,"",0,"",0,"",0,"",0,"",0,"",0,"",0
"IMAGE 3.0.2","EMF33_WB2C_cost100","World","Carbon Sequestration|CCS|Biomass","Mt CO2/yr",0,0,0,"",0.000128188,"",32.10549299,"",2400.281644,"",6417.607537,"",7313.026544,"",8038.194752,"",8611.629594,"",9227.816491,"",9524.79131
"IMAGE 3.0.2","EMF33_WB2C_full","World","Carbon Sequestration|CCS|Biomass","Mt CO2/yr",0,0,0,"",0.000128114,"",116.0173981,"",4538.127589,"",5943.756398,"",6921.070707,"",7701.007837,"",8239.887219,"",8872.633592,"",9118.961096
"IMAGE 3.0.2","EMF33_WB2C_limbio","World","Carbon Sequestration|CCS|Biomass","Mt CO2/yr",0,0,0,"",0.0000754691,"",123.4167039,"",4067.015377,"",4308.883414,"",4793.969487,"",6728.145305,"",6711.883319,"",6406.035704,"",6250.05145
"IMAGE 3.0.2","EMF33_WB2C_nobeccs","World","Carbon Sequestration|CCS|Biomass","Mt CO2/yr",0,0,0,"",0,"",0,"",0.000747822,"",0.020196788,"",0.022855956,"",0.022489627,"",0.007900743,"",0.000123661,"",0.00000582811
"IMAGE 3.0.2","EMF33_WB2C_nofuel","World","Carbon Sequestration|CCS|Biomass","Mt CO2/yr",0,0,0,"",0.000181754,"",274.5429781,"",3470.777132,"",5146.754202,"",6183.08015,"",7639.422597,"",8219.592536,"",8764.140568,"",9175.809084
"IMAGE 3.0.2","EMF33_tax_hi_full","World","Carbon Sequestration|CCS|Biomass","Mt CO2/yr",0,0,0,"",0,"",85.74929796,"",2585.807282,"",5584.213517,"",6701.612944,"",7445.320212,"",8221.682175,"",9401.910149,"",10030.43207
"IMAGE 3.0.2","EMF33_tax_hi_none","World","Carbon Sequestration|CCS|Biomass","Mt CO2/yr",0,0,0,"",0,"",0,"",0,"",0,"",0,"",0,"",0,"",0,"",0
"IMAGE 3.0.2","EMF33_tax_lo_full","World","Carbon Sequestration|CCS|Biomass","Mt CO2/yr",0,0,0,"",0,"",6.411168623,"",128.5516132,"",1033.938218,"",2756.325774,"",4453.24393,"",6342.151284,"",7442.720658,"",8689.978565
"IMAGE 3.0.2","EMF33_tax_lo_none","World","Carbon Sequestration|CCS|Biomass","Mt CO2/yr",0,0,0,"",0,"",0,"",0,"",0,"",0,"",0,"",0,"",0,"",0
"MERGE-ETL 6.0","BAU","World","Carbon Sequestration|CCS|Biomass","Mt CO2/yr",0,0,0,"",0,"",0,"",0,"",0,"",0,"",0,"",0,"",0,"",0
"MERGE-ETL 6.0","DAC15_50","World","Carbon Sequestration|CCS|Biomass","Mt CO2/yr",0,0,0,"",0,"",83.1,"",2088.5,"",7923.3,"",10118.3,"",11748,"",12856.5,"",13758.2,"",14413.7
"MERGE-ETL 6.0","DAC2_66","World","Carbon Sequestration|CCS|Biomass","Mt CO2/yr",0,0,0,"",0,"",83.1,"",2217.5,"",8798,"",10606.5,"",11545,"",12078.7,"",13416.8,"",14752.1
"MESSAGE V.3","GEA_Eff_1p5C","World","Carbon Sequestration|CCS|Biomass","Mt CO2/yr","",0,0,"",0.095333333,"",86.482,"",340.0136667,"",710.809,"",1249.904333,"",2348.991333,"",4492.015,"",6964.151333,"",9275.984667
"MESSAGE V.3","GEA_Eff_1p5C_Delay2020","World","Carbon Sequestration|CCS|Biomass","Mt CO2/yr","",0,0,"",0,"",611.4533333,"",2378.896667,"",5238.409,"",6931.877333,"",7691.156,"",8368.818333,"",9098.635333,"",9735.311667
"MESSAGE V.3","GEA_Eff_2C_Delay2020","World","Carbon Sequestration|CCS|Biomass","Mt CO2/yr","",0,0,"",0,"",486.4933333,"",1940.106667,"",4773.519667,"",6846.048,"",7741.418667,"",8503.095333,"",9134.880333,"",9727.087333
"MESSAGE V.3","GEA_Eff_AdvNCO2_1p5C","World","Carbon Sequestration|CCS|Biomass","Mt CO2/yr","",0,0,"",0,"",63.10333333,"",210.111,"",590.2856667,"",1243.744333,"",2404.138,"",4520.952333,"",7003.388333,"",9294.666333
"MESSAGE V.3","GEA_Eff_base","World","Carbon Sequestration|CCS|Biomass","Mt CO2/yr","",0,0,"",0,"",0,"",0,"",0,"",0,"",0,"",0,"",0,"",0
"MESSAGE V.3","GEA_Mix_1p5C_AdvNCO2_PartialDelay2020","World","Carbon Sequestration|CCS|Biomass","Mt CO2/yr","",0,0,"",0,"",620.8473333,"",2417.818333,"",5855.824333,"",8587.494667,"",9525.978,"",10449.55267,"",11350.83767,"",12136.00667
"MESSAGE V.3","GEA_Mix_1p5C_AdvTrans_PartialDelay2020","World","Carbon Sequestration|CCS|Biomass","Mt CO2/yr","",0,0,"",0,"",620.8473333,"",2413.906,"",5915.147333,"",8718.985,"",9596.187333,"",10487.32667,"",11335.22133,"",12121.87533
"MESSAGE V.3","GEA_Mix_2C_AdvNCO2_PartialDelay2020","World","Carbon Sequestration|CCS|Biomass","Mt CO2/yr","",0,0,"",0,"",557.986,"",2329.008,"",5773.526,"",8563.954667,"",9529.212,"",10483.64533,"",11379.17733,"",12149.38267
"MESSAGE V.3","GEA_Mix_2C_AdvTrans_PartialDelay2020","World","Carbon Sequestration|CCS|Biomass","Mt CO2/yr","",0,0,"",0,"",563.1486667,"",2318.389333,"",5769.969333,"",8554.450667,"",9569.684667,"",10549.73333,"",11450.39133,"",12153.691
"MESSAGE V.3","GEA_Mix_base","World","Carbon Sequestration|CCS|Biomass","Mt CO2/yr","",0,0,"",0,"",0,"",0,"",0,"",0,"",5.738333333,"",52.54333333,"",165.066,"",407.9936667
"MESSAGE-GLOBIOM 1.0","ADVANCE_2020_1.5C-2100","World","Carbon Sequestration|CCS|Biomass","Mt CO2/yr","",0,0,"",0,"",63.10333333,"",386.4703333,"",1348.204,"",3241.384667,"",7261.331,"",10916.653,"",11776.90433,"",12453.001
"MESSAGE-GLOBIOM 1.0","ADVANCE_2020_Med2C","World","Carbon Sequestration|CCS|Biomass","Mt CO2/yr","",0,0,"",0,"",45.815,"",212.0066667,"",740.938,"",2193.165333,"",5280.308,"",7560.963667,"",9263.983667,"",10764.02067
"MESSAGE-GLOBIOM 1.0","ADVANCE_2020_WB2C","World","Carbon Sequestration|CCS|Biomass","Mt CO2/yr","",0,0,"",0,"",63.23533333,"",265.8773333,"",895.3193333,"",2654.663,"",6628.475333,"",9729.368,"",11028.138,"",11920.12433
"MESSAGE-GLOBIOM 1.0","ADVANCE_2030_Med2C","World","Carbon Sequestration|CCS|Biomass","Mt CO2/yr","",0,0,"",0,"",22.94233333,"",121.4583333,"",420.2733333,"",1367.912333,"",3202.730667,"",6571.315667,"",10042.197,"",11385.66733
"MESSAGE-GLOBIOM 1.0","ADVANCE_2030_Price1.5C","World","Carbon Sequestration|CCS|Biomass","Mt CO2/yr","",0,0,"",0,"",22.946,"",150.117,"",698.4743333,"",1907.957333,"",4281.654667,"",7631.261,"",11681.64433,"",12420.881
"MESSAGE-GLOBIOM 1.0","ADVANCE_2030_WB2C","World","Carbon Sequestration|CCS|Biomass","Mt CO2/yr","",0,0,"",0,"",22.946,"",133.2613333,"",583.5463333,"",1849.569333,"",4329.948333,"",7409.952,"",11411.125,"",12230.51133
"MESSAGE-GLOBIOM 1.0","ADVANCE_INDC","World","Carbon Sequestration|CCS|Biomass","Mt CO2/yr","",0,0,"",0,"",22.935,"",108.68,"",363.44,"",1151.685333,"",2300.312667,"",3957.730333,"",5660.603667,"",6939.053
"MESSAGE-GLOBIOM 1.0","ADVANCE_NoPolicy","World","Carbon Sequestration|CCS|Biomass","Mt CO2/yr","",0,0,"",0,"",0,"",0,"",0,"",0,"",0,"",0,"",0,"",0
"MESSAGE-GLOBIOM 1.0","ADVANCE_Reference","World","Carbon Sequestration|CCS|Biomass","Mt CO2/yr","",0,0,"",0,"",0,"",5.705333333,"",28.95566667,"",126.973,"",384.1603333,"",1014.790333,"",2161.522,"",3569.749333
"MESSAGE-GLOBIOM 1.0","EMF33_1.5C_cost100","World","Carbon Sequestration|CCS|Biomass","Mt CO2/yr",0,0,0,"",0,"",166.9362429,"",1042.456084,"",4473.338737,"",9715.120416,"",10632.30194,"",11307.1139,"",12042.31553,"",12622.27926
"MESSAGE-GLOBIOM 1.0","EMF33_1.5C_full","World","Carbon Sequestration|CCS|Biomass","Mt CO2/yr",0,0,0,"",0,"",183.5484419,"",1082.471707,"",4508.114178,"",9834.032542,"",10709.15262,"",11355.65611,"",12071.28199,"",12639.47694
"MESSAGE-GLOBIOM 1.0","EMF33_Baseline","World","Carbon Sequestration|CCS|Biomass","Mt CO2/yr",0,0,0,"",0,"",0,"",0,"",0,"",0,"",0,"",0,"",0,"",0
"MESSAGE-GLOBIOM 1.0","EMF33_Med2C_cost100","World","Carbon Sequestration|CCS|Biomass","Mt CO2/yr",0,0,0,"",0,"",26.05214194,"",208.4881557,"",1014.578197,"",3190.806111,"",5919.98761,"",7945.560572,"",9422.89353,"",10741.12971
"MESSAGE-GLOBIOM 1.0","EMF33_Med2C_full","World","Carbon Sequestration|CCS|Biomass","Mt CO2/yr",0,0,0,"",0,"",96.52209823,"",658.3650748,"",2786.677969,"",5385.52706,"",6899.677768,"",8282.661017,"",9643.116126,"",11013.70371
"MESSAGE-GLOBIOM 1.0","EMF33_Med2C_limbio","World","Carbon Sequestration|CCS|Biomass","Mt CO2/yr",0,0,0,"",0,"",126.7694751,"",808.0254582,"",2975.571135,"",5262.865311,"",5953.407074,"",5657.689965,"",5508.040006,"",5484.046492
"MESSAGE-GLOBIOM 1.0","EMF33_Med2C_nobeccs","World","Carbon Sequestration|CCS|Biomass","Mt CO2/yr",0,0,0,"",0,"",0,"",0,"",0,"",0,"",0,"",0,"",0,"",0
"MESSAGE-GLOBIOM 1.0","EMF33_Med2C_nofuel","World","Carbon Sequestration|CCS|Biomass","Mt CO2/yr",0,0,0,"",0,"",79.37497417,"",584.2271103,"",2924.65009,"",5731.53072,"",6787.358084,"",8203.209754,"",9555.772645,"",10778.80349
"MESSAGE-GLOBIOM 1.0","EMF33_Med2C_none","World","Carbon Sequestration|CCS|Biomass","Mt CO2/yr",0,0,0,"",0,"",0,"",0,"",0,"",0,"",0,"",0,"",0,"",0
"MESSAGE-GLOBIOM 1.0","EMF33_WB2C_cost100","World","Carbon Sequestration|CCS|Biomass","Mt CO2/yr",0,0,0,"",0,"",88.30685913,"",631.588925,"",3084.12207,"",7208.484882,"",8796.738592,"",10083.48708,"",11244.24881,"",12118.67517
"MESSAGE-GLOBIOM 1.0","EMF33_WB2C_full","World","Carbon Sequestration|CCS|Biomass","Mt CO2/yr",0,0,0,"",0,"",146.5903202,"",894.6724071,"",3710.338891,"",7518.404445,"",8942.185946,"",10167.28467,"",11295.22698,"",12148.40676
"MESSAGE-GLOBIOM 1.0","EMF33_WB2C_limbio","World","Carbon Sequestration|CCS|Biomass","Mt CO2/yr",0,0,0,"",0,"",154.7997351,"",899.4459835,"",3670.682358,"",6236.219394,"",5952.993934,"",5651.695508,"",5481.848006,"",5481.84816
"MESSAGE-GLOBIOM 1.0","EMF33_WB2C_nofuel","World","Carbon Sequestration|CCS|Biomass","Mt CO2/yr",0,0,0,"",0,"",145.4104853,"",920.3875294,"",3820.796302,"",7578.500695,"",8930.21349,"",10115.96144,"",11248.71505,"",12158.82054
"MESSAGE-GLOBIOM 1.0","EMF33_tax_hi_full","World","Carbon Sequestration|CCS|Biomass","Mt CO2/yr",0,0,0,"",0,"",134.0975028,"",818.1517127,"",3319.879212,"",6318.81704,"",8044.79683,"",9431.406435,"",10740.06945,"",11805.44914
"MESSAGE-GLOBIOM 1.0","EMF33_tax_hi_none","World","Carbon Sequestration|CCS|Biomass","Mt CO2/yr",0,0,0,"",0,"",0.122795305,"",0,"",0,"",0,"",0,"",0,"",0,"",0
"MESSAGE-GLOBIOM 1.0","EMF33_tax_lo_full","World","Carbon Sequestration|CCS|Biomass","Mt CO2/yr",0,0,0,"",0,"",52.70810446,"",403.9254524,"",1661.639401,"",3040.267726,"",4728.810014,"",5628.654578,"",6060.519702,"",7170.713291
"MESSAGE-GLOBIOM 1.0","EMF33_tax_lo_none","World","Carbon Sequestration|CCS|Biomass","Mt CO2/yr",0,0,0,"",0,"",0,"",0,"",0,"",0,"",0,"",0,"",0,"",0
"MESSAGE-GLOBIOM 1.0","SSP1-19","World","Carbon Sequestration|CCS|Biomass","Mt CO2/yr","",0,0,"",0,"",527.5343333,"",1934.892667,"",4449.544,"",6924.815333,"",8683.378,"",10228.10067,"",11319.27133,"",12167.20267
"MESSAGE-GLOBIOM 1.0","SSP1-26","World","Carbon Sequestration|CCS|Biomass","Mt CO2/yr","",0,0,"",0,"",222.761,"",1025.984667,"",2700.195667,"",4364.246333,"",5940.814,"",7613.316333,"",9165.658333,"",10474.18533
"MESSAGE-GLOBIOM 1.0","SSP1-34","World","Carbon Sequestration|CCS|Biomass","Mt CO2/yr","",0,0,"",0,"",6.717333333,"",181.2176667,"",872.0176667,"",2208.180333,"",4140.458667,"",5372.858333,"",6689.085333,"",7911.797667
"MESSAGE-GLOBIOM 1.0","SSP1-45","World","Carbon Sequestration|CCS|Biomass","Mt CO2/yr","",0,0,"",0,"",0,"",0,"",49.17366667,"",287.6316667,"",1001.949667,"",2553.345667,"",4604.409333,"",5681.525667
"MESSAGE-GLOBIOM 1.0","SSP1-Baseline","World","Carbon Sequestration|CCS|Biomass","Mt CO2/yr","",0,0,"",0,"",0,"",0,"",0,"",0,"",0,"",0,"",0,"",0
"MESSAGE-GLOBIOM 1.0","SSP2-19","World","Carbon Sequestration|CCS|Biomass","Mt CO2/yr","",0,0,"",0,"",67.41533333,"",363.495,"",1313.429333,"",3293.004,"",7205.286,"",10720.28467,"",11628.23567,"",12361.767
"MESSAGE-GLOBIOM 1.0","SSP2-26","World","Carbon Sequestration|CCS|Biomass","Mt CO2/yr","",0,0,"",0,"",61.18933333,"",256.4576667,"",828.157,"",2459.310333,"",5930.734333,"",8666.984333,"",10180.32767,"",11366.42467
"MESSAGE-GLOBIOM 1.0","SSP2-34","World","Carbon Sequestration|CCS|Biomass","Mt CO2/yr","",0,0,"",0,"",20.80466667,"",118.4883333,"",458.403,"",1541.345667,"",4020.786,"",6248.308,"",7699.860667,"",9249.13
"MESSAGE-GLOBIOM 1.0","SSP2-45","World","Carbon Sequestration|CCS|Biomass","Mt CO2/yr","",0,0,"",0,"",6.537666667,"",36.586,"",151.0336667,"",468.6293333,"",1350.433333,"",3052.155333,"",4914.063,"",6361.483333
"MESSAGE-GLOBIOM 1.0","SSP2-60","World","Carbon Sequestration|CCS|Biomass","Mt CO2/yr","",0,0,"",0,"",0,"",0,"",0,"",0,"",0,"",2.156,"",24.52266667,"",100.4556667
"MESSAGE-GLOBIOM 1.0","SSP2-Baseline","World","Carbon Sequestration|CCS|Biomass","Mt CO2/yr","",0,0,"",0,"",0,"",0,"",0,"",0,"",0,"",0,"",0,"",0
"MESSAGE-GLOBIOM 1.0","SSP3-34","World","Carbon Sequestration|CCS|Biomass","Mt CO2/yr","",0,0,"",0,"",422.191,"",1711.284667,"",4261.576,"",7721.633333,"",9886.330667,"",11510.01133,"",12604.735,"",13458.368
"MESSAGE-GLOBIOM 1.0","SSP3-45","World","Carbon Sequestration|CCS|Biomass","Mt CO2/yr","",0,0,"",0,"",155.4006667,"",839.8683333,"",2395.558,"",4968.076667,"",7862.217,"",9761.799667,"",11337.282,"",12560.74233
"MESSAGE-GLOBIOM 1.0","SSP3-60","World","Carbon Sequestration|CCS|Biomass","Mt CO2/yr","",0,0,"",0,"",20.614,"",142.4793333,"",549.615,"",1359.284667,"",3116.509,"",5185.220333,"",7167.519333,"",8900.463
"MESSAGE-GLOBIOM 1.0","SSP3-Baseline","World","Carbon Sequestration|CCS|Biomass","Mt CO2/yr","",0,0,"",0,"",0,"",0,"",0,"",0,"",0,"",0,"",0,"",0
"MESSAGEix-GLOBIOM 1.0","CD-LINKS_INDCi","World","Carbon Sequestration|CCS|Biomass","Mt CO2/yr",0,0,0,"",0,"",41.5088344,"",95.21867849,"",71.201784,"",26.85492265,"",0,"",0,"",0,"",0
"MESSAGEix-GLOBIOM 1.0","CD-LINKS_NPi","World","Carbon Sequestration|CCS|Biomass","Mt CO2/yr",0,0,0,"",0,"",0,"",0,"",0,"",0,"",0,"",0,"",0,"",0
"MESSAGEix-GLOBIOM 1.0","CD-LINKS_NPi2020_1000","World","Carbon Sequestration|CCS|Biomass","Mt CO2/yr",0,0,0,"",0,"",120.7775478,"",708.7273395,"",3167.088202,"",6926.423622,"",9816.978226,"",11470.29247,"",13087.42396,"",14468.50053
"MESSAGEix-GLOBIOM 1.0","CD-LINKS_NPi2020_1600","World","Carbon Sequestration|CCS|Biomass","Mt CO2/yr",0,0,0,"",0,"",60.32346151,"",399.5547884,"",1422.12652,"",4371.295073,"",7369.725875,"",9909.277325,"",11766.2753,"",13601.27932
"MESSAGEix-GLOBIOM 1.0","CD-LINKS_NPi2020_400","World","Carbon Sequestration|CCS|Biomass","Mt CO2/yr",0,0,0,"",0,"",153.3267737,"",906.8651091,"",4157.338945,"",9534.801726,"",11765.75698,"",12971.5468,"",14039.85358,"",15421.35549
"MESSAGEix-GLOBIOM 1.0","CD-LINKS_NoPolicy","World","Carbon Sequestration|CCS|Biomass","Mt CO2/yr",0,0,0,"",0,"",0,"",0,"",0,"",0,"",0,"",0,"",0,"",0
"POLES ADVANCE","ADVANCE_2020_1.5C-2100","World","Carbon Sequestration|CCS|Biomass","Mt CO2/yr","",0.000031424,0.00207832,0.205163961,0.467960795,2.039455098,1.347070089,370.7021183,1787.347576,4343.857829,6793.491797,8693.85063,10830.34561,12349.08772,13099.70541,14408.33461,15514.0268,17676.37718,18380.8041,18430.4784,18730.81897
"POLES ADVANCE","ADVANCE_2020_Med2C","World","Carbon Sequestration|CCS|Biomass","Mt CO2/yr","",0.000031424,0.00207832,0.205163961,0.467953438,0.991742808,0.994032908,28.88190661,330.9381814,1378.892803,3680.873406,5685.166542,8446.292942,10083.35757,11135.49751,12116.1434,13436.3925,15171.8928,16005.14232,17130.27379,17582.1722
"POLES ADVANCE","ADVANCE_2020_WB2C","World","Carbon Sequestration|CCS|Biomass","Mt CO2/yr","",0.000031424,0.00207832,0.205163961,0.467953438,1.25470753,1.111958964,316.0414041,1820.351063,4313.300587,7189.922804,9490.452696,11148.42319,12614.98475,13518.20582,14640.6511,15495.23439,16931.21085,17929.77677,18048.39274,18809.1327
"POLES ADVANCE","ADVANCE_2030_1.5C-2100","World","Carbon Sequestration|CCS|Biomass","Mt CO2/yr","",0.000031424,0.00207832,0.205163961,0.467953438,0.891130081,0.638264303,331.6643084,1075.725465,2991.6953,5806.720279,8687.911899,11260.47714,12377.63382,12980.3326,14538.24927,15826.11435,17457.91285,18981.66809,19511.75634,19155.37476
"POLES ADVANCE","ADVANCE_2030_Med2C","World","Carbon Sequestration|CCS|Biomass","Mt CO2/yr","",0.000031424,0.00207832,0.205163961,0.467953438,0.891106471,0.638156489,33.56830502,537.175017,2392.344171,4848.811858,7590.242591,9011.37838,10259.63564,11147.78607,11979.24649,13197.68254,14017.80517,15295.60192,16376.0258,17232.72002
"POLES ADVANCE","ADVANCE_2030_Price1.5C","World","Carbon Sequestration|CCS|Biomass","Mt CO2/yr","",0.000031424,0.00207832,0.205163961,0.467953438,0.891106471,0.638156489,376.5606857,1251.925249,3177.113475,5720.278448,8510.527892,10767.48275,12190.4284,12872.95497,14313.43335,15446.65738,16817.50449,18288.97808,18701.46163,17607.02269
"POLES ADVANCE","ADVANCE_2030_WB2C","World","Carbon Sequestration|CCS|Biomass","Mt CO2/yr","",0.000031424,0.00207832,0.205163961,0.467953438,0.891106471,0.638156489,228.6819487,1721.840832,3935.816907,6442.644647,9014.681581,11192.99283,12538.01376,13404.37082,14680.5588,15862.36634,16736.9144,17935.43014,18179.43773,18870.31484
"POLES ADVANCE","ADVANCE_INDC","World","Carbon Sequestration|CCS|Biomass","Mt CO2/yr","",0.000031424,0.00207832,0.205163961,0.467953438,0.891106471,0.638156489,22.9449344,220.6291142,594.0965508,1501.993494,2511.369067,3434.599986,4109.766182,4981.375813,5649.061471,6402.0135,7216.286647,7834.926812,8122.449137,8879.927346
"POLES ADVANCE","ADVANCE_NoPolicy","World","Carbon Sequestration|CCS|Biomass","Mt CO2/yr","",0.0000272255,0.000926442,0.185792831,0.07199805,0.01853202,0.007873643,0.004325045,0.000757258,0.000154347,0.000196341,0.000286761,0.000470376,0.000669308,0.000871233,0.000781518,0.000238442,0.000264876,0.000338297,0.000409218,0.000454934
"POLES ADVANCE","ADVANCE_Reference","World","Carbon Sequestration|CCS|Biomass","Mt CO2/yr","",0.000031424,0.002078287,0.205164031,0.463661962,0.133276068,0.244510371,0.399885482,0.395524431,0.781900742,2.012340586,3.457874594,5.13532296,7.043142719,8.562451993,9.868534426,10.86540154,11.36727494,11.26547653,11.64767925,11.85989371
"POLES CD-LINKS","CD-LINKS_INDCi","World","Carbon Sequestration|CCS|Biomass","Mt CO2/yr","",0.00000552645,0.00000522506,0.009865398,0.467792809,0.877505422,1.313822389,5.775798321,30.63110352,101.7146454,203.741684,"",519.300354,"",734.1519775,"",972.2772217,"",1207.070313,"",1286.689575
"POLES CD-LINKS","CD-LINKS_NPi","World","Carbon Sequestration|CCS|Biomass","Mt CO2/yr","",0.00000552795,0.00000522931,0.006961838,0.363616347,0.517933726,0.70101279,1.013133645,1.860190749,5.932474613,23.88011551,"",167.9172516,"",308.9015198,"",436.6329041,"",493.6312561,"",503.1375732
"POLES CD-LINKS","CD-LINKS_NPi2020_1000","World","Carbon Sequestration|CCS|Biomass","Mt CO2/yr","",0.00000552795,0.00000522931,0.006961838,0.368629754,1.137318969,1.989136219,28.26519012,477.2874146,1594.479614,3293.773926,"",7261.859375,"",11123.95996,"",14612.63379,"",18491.58594,"",22298.80859
"POLES CD-LINKS","CD-LINKS_NPi2020_1600","World","Carbon Sequestration|CCS|Biomass","Mt CO2/yr","",0.00000552795,0.00000522931,0.006961838,0.368629754,0.817366481,1.680104852,2.564283848,22.31072998,312.1968079,1470.45752,"",5806.127441,"",9761.208008,"",13801.7373,"",17874.96094,"",21357.31641
"POLES CD-LINKS","CD-LINKS_NPi2020_400","World","Carbon Sequestration|CCS|Biomass","Mt CO2/yr","",0.00000552795,0.00000522931,0.006961838,0.368629754,1.942064166,2.586659431,158.5185089,767.633728,1983.673584,3612.359131,"",7423.440918,"",11419.94434,"",15358.3877,"",20097.05664,"",23346.50391
"POLES CD-LINKS","CD-LINKS_NoPolicy","World","Carbon Sequestration|CCS|Biomass","Mt CO2/yr","",0.0000055124,0.00000518541,0.00000489505,0,0,0,0,0,0,0,"",0,"",0,"",0,"",0,"",0
"POLES EMF33","EMF33_1.5C_cost100","World","Carbon Sequestration|CCS|Biomass","Mt CO2/yr",0.0000330341,0.0000824691,0.002172217,"",0.236214712,"",0.501617372,"",913.9343262,"",4270.55127,"",8084.511719,"",10596.28418,"",11768.65234,"",11847.56055,"",12139.67285
"POLES EMF33","EMF33_1.5C_full","World","Carbon Sequestration|CCS|Biomass","Mt CO2/yr",0.0000330341,0.0000824691,0.002172217,"",0.236132786,"",0.865638316,"",1050.604614,"",4728.429688,"",9258.186523,"",11866.51758,"",13417.00488,"",13867.11816,"",13969.65625
"POLES EMF33","EMF33_1.5C_limbio","World","Carbon Sequestration|CCS|Biomass","Mt CO2/yr",0.0000330341,0.0000949206,0.004055134,"",0.405897707,"",0.270787567,"",404.2200928,"",1785.703735,"",3540.657959,"",4760.459473,"",5460.07959,"",5322.224609,"",5348.129395
"POLES EMF33","EMF33_1.5C_nofuel","World","Carbon Sequestration|CCS|Biomass","Mt CO2/yr",0.0000330341,0.0000824691,0.002172217,"",0.236416206,"",0.307740003,"",896.7495117,"",3775.707764,"",7624.773926,"",9801.691406,"",11005.56836,"",11220.56641,"",11580.42578
"POLES EMF33","EMF33_Baseline","World","Carbon Sequestration|CCS|Biomass","Mt CO2/yr",0.0000330341,0.0000824691,0.002172217,"",0.236133829,"",0.405035138,"",4.640341759,"",39.00603104,"",31.10466385,"",32.84601593,"",32.92484665,"",35.49821854,"",38.26161575
"POLES EMF33","EMF33_Med2C_cost100","World","Carbon Sequestration|CCS|Biomass","Mt CO2/yr",0.0000330341,0.0000824691,0.002172217,"",0.236214727,"",1.415437102,"",626.7277832,"",4134.272461,"",8741.958984,"",11847.96973,"",13288.64453,"",13405.31152,"",13723.60254
"POLES EMF33","EMF33_Med2C_full","World","Carbon Sequestration|CCS|Biomass","Mt CO2/yr",0.0000330341,0.0000824691,0.002172217,"",0.236133829,"",1.460946202,"",975.8971558,"",4696.799316,"",9679.344727,"",12679.42578,"",14554.53613,"",14835.89746,"",15249.39355
"POLES EMF33","EMF33_Med2C_limbio","World","Carbon Sequestration|CCS|Biomass","Mt CO2/yr",0.0000330341,0.0000824691,0.002172217,"",0.236133307,"",1.493669033,"",1062.774902,"",4102.509277,"",6460.337402,"",7910.247559,"",8519.680664,"",8787.568359,"",8725.021484
"POLES EMF33","EMF33_Med2C_nobeccs","World","Carbon Sequestration|CCS|Biomass","Mt CO2/yr",0.0000330341,0.0000824691,0.002172217,"",0.236132801,"",1.425420403,"",0.402801991,"",0.387091964,"",0.189060166,"",0.072285041,"",0.104422837,"",0.046891689,"",0.056135524
"POLES EMF33","EMF33_Med2C_nofuel","World","Carbon Sequestration|CCS|Biomass","Mt CO2/yr",0.0000330341,0.0000824691,0.002172217,"",0.236416727,"",1.502377033,"",875.0184937,"",4047.780029,"",8493.77832,"",11070.4541,"",12392.35352,"",12491.19043,"",12985.08398
"POLES EMF33","EMF33_Med2C_none","World","Carbon Sequestration|CCS|Biomass","Mt CO2/yr",0.0000330341,0.0000824691,0.002172217,"",0.236416221,"",1.437057853,"",0.422456563,"",0.403932273,"",0.198741719,"",0.073357224,"",0.105231591,"",0.047895741,"",0.056783188
"POLES EMF33","EMF33_WB2C_cost100","World","Carbon Sequestration|CCS|Biomass","Mt CO2/yr",0.0000330341,0.0000824691,0.002172217,"",0.236214727,"",1.411267638,"",1076.987061,"",4727.771973,"",9716.761719,"",12530.08105,"",13897.81836,"",13914.21875,"",14039.67383
"POLES EMF33","EMF33_WB2C_full","World","Carbon Sequestration|CCS|Biomass","Mt CO2/yr",0.0000330341,0.0000824691,0.002172217,"",0.236132801,"",1.395257235,"",1221.633301,"",5330.530273,"",10686.26855,"",13736.52051,"",15238.42773,"",15395.72754,"",15600.87207
"POLES EMF33","EMF33_WB2C_limbio","World","Carbon Sequestration|CCS|Biomass","Mt CO2/yr",0.0000330341,0.0000824691,0.002172217,"",0.236132801,"",1.53485322,"",896.1124878,"",3312.649414,"",5477.595215,"",6775.463379,"",7481.74707,"",7602.722656,"",7731.15625
"POLES EMF33","EMF33_WB2C_nobeccs","World","Carbon Sequestration|CCS|Biomass","Mt CO2/yr",0.0000330341,0.0000824691,0.002172217,"",0.236132801,"",1.645065069,"",0.262907535,"",0.29654184,"",0.15514721,"",0.115563989,"",0.044120185,"",0.048447367,"",0.049985718
"POLES EMF33","EMF33_WB2C_nofuel","World","Carbon Sequestration|CCS|Biomass","Mt CO2/yr",0.0000330341,0.0000824691,0.002172217,"",0.236416221,"",1.2666713,"",1043.182007,"",4275.04834,"",8624.895508,"",11137.35156,"",12694.88379,"",12730.75879,"",12774.14648
"POLES EMF33","EMF33_WB2C_none","World","Carbon Sequestration|CCS|Biomass","Mt CO2/yr",0.0000330341,0.0000824691,0.002172217,"",0.236416221,"",1.658655167,"",0.264623493,"",0.294127315,"",0.155639693,"",0.117467776,"",0.042973898,"",0.046023376,"",0.046681937
"POLES EMF33","EMF33_tax_hi_full","World","Carbon Sequestration|CCS|Biomass","Mt CO2/yr",0.0000330341,0.0000720454,0.000885803,"",0.100357078,"",1.097120523,"",122.8126144,"",1765.236084,"",7820.614258,"",12397.85742,"",15019.75293,"",15060.14648,"",15435.55664
"POLES EMF33","EMF33_tax_hi_none","World","Carbon Sequestration|CCS|Biomass","Mt CO2/yr",0.0000330341,0.0000720454,0.000885803,"",0.100549333,"",1.144518971,"",0.271597832,"",0.225296736,"",0.124791659,"",0.125057653,"",0.078434251,"",0.110660248,"",0.049264517
"POLES EMF33","EMF33_tax_lo_full","World","Carbon Sequestration|CCS|Biomass","Mt CO2/yr",0.0000330341,0.0000720454,0.000885803,"",0.100357078,"",1.450551748,"",46.33495331,"",345.2206726,"",921.0488892,"",1750.229126,"",3157.210693,"",5711.340332,"",9126.855469
"POLES EMF33","EMF33_tax_lo_none","World","Carbon Sequestration|CCS|Biomass","Mt CO2/yr",0.0000330341,0.0000720454,0.000885803,"",0.100549333,"",0.829328895,"",0.288544834,"",0.167191535,"",0.20521453,"",0.140000135,"",0.106993385,"",0.067411363,"",0.091873668
"REMIND 1.5","EMC_Def_100$","World","Carbon Sequestration|CCS|Biomass","Mt CO2/yr","",0,0,"",103.5690002,"",2133.193115,"",8672.630859,"",14718.02832,"",15673.30176,"",16399.69922,"",16962.87891,"",16977.66211,"",16981.41016
"REMIND 1.5","EMC_Def_30$","World","Carbon Sequestration|CCS|Biomass","Mt CO2/yr","",0,0,"",5.664000034,"",197.7579956,"",1520.379028,"",4947.405762,"",9624.610352,"",13109.81445,"",14690.07813,"",15974.48828,"",16858.85156
"REMIND 1.5","EMC_LimSW_100$","World","Carbon Sequestration|CCS|Biomass","Mt CO2/yr","",0,0,"",116.9680023,"",2416.636963,"",8778.856445,"",14255.83301,"",15325.58496,"",16440.16211,"",16943.64844,"",16966.50977,"",16978.06641
"REMIND 1.5","EMC_LimSW_30$","World","Carbon Sequestration|CCS|Biomass","Mt CO2/yr","",0,0,"",5.546999931,"",193.8249969,"",1458.307983,"",4547.930176,"",8342.046875,"",11386.92285,"",12813.48145,"",13596.33789,"",14522.56641
"REMIND 1.5","EMC_NucPO_100$","World","Carbon Sequestration|CCS|Biomass","Mt CO2/yr","",0,0,"",121.7429962,"",2593.000977,"",9149.337891,"",15078.37695,"",15951.41699,"",16564.34766,"",16951.71289,"",16977.0293,"",16980.88672
"REMIND 1.5","EMC_NucPO_30$","World","Carbon Sequestration|CCS|Biomass","Mt CO2/yr","",0,0,"",5.59499979,"",191.0529938,"",1426.588989,"",4541.25293,"",8825.839844,"",12597.86328,"",14708.43848,"",15963.92188,"",16819.83789
"REMIND 1.5","EMC_lowEI_100$","World","Carbon Sequestration|CCS|Biomass","Mt CO2/yr","",0,0,"",105.5490036,"",2166.208984,"",8597.920898,"",14766.49512,"",15796.87695,"",16475.29883,"",16968.02734,"",16981.75586,"",16983.2793
"REMIND 1.5","EMC_lowEI_30$","World","Carbon Sequestration|CCS|Biomass","Mt CO2/yr","",0,0,"",5.782000065,"",166.7369995,"",1223.623047,"",4210.068848,"",8957.085938,"",13032.2998,"",15070.81934,"",16246.53809,"",16970.16797
"REMIND 1.7","ADVANCE_2020_1.5C-2100","World","Carbon Sequestration|CCS|Biomass","Mt CO2/yr","",0,0,0,0.0528,75.602,450.5998,1489.635,3353.931,5701.33,7975.377,9746.867,10998.7,"",12832.72,"",13973.11,"",14599.37,"",15455.57
"REMIND 1.7","ADVANCE_2020_Med2C","World","Carbon Sequestration|CCS|Biomass","Mt CO2/yr","",0,0,0,0.0528,6.8647,42.7861,151.5299,404.4405,870.7978,1603.0599,2639.0939,3879.5396,"",6044.1153,"",7626.9852,"",8944.8798,"",10477.207
"REMIND 1.7","ADVANCE_2020_WB2C","World","Carbon Sequestration|CCS|Biomass","Mt CO2/yr","",0,0,0,0.0528,20.5273,122.4772,447.1977,1158.1713,2317.4703,3873.8724,5637.537,7228.9017,"",9385.0355,"",10724.6649,"",11769.3488,"",13057.9425
"REMIND 1.7","ADVANCE_2030_1.5C-2100","World","Carbon Sequestration|CCS|Biomass","Mt CO2/yr","",0,0,0,0.0528,1.9021,9.6679,466.4665,2415.2739,6113.5471,9848.0204,12204.5751,13678.7587,"",15377.8026,"",15668.7423,"",15754.7725,"",15884.69
"REMIND 1.7","ADVANCE_2030_Med2C","World","Carbon Sequestration|CCS|Biomass","Mt CO2/yr","",0,0,0,0.0528,1.9021,9.6679,65.9131,269.4679,749.5778,1616.6799,2899.2515,4429.2972,"",7026.8704,"",8832.7182,"",10235.594,"",11922.3243
"REMIND 1.7","ADVANCE_2030_Price1.5C","World","Carbon Sequestration|CCS|Biomass","Mt CO2/yr","",0,0,0,0.0528,1.9021,9.6679,309.4032,1522.018,3919.981,6853.49,9305.863,10907.93,"",12912.13,"",14064.78,"",14682.24,"",15475.38
"REMIND 1.7","ADVANCE_2030_WB2C","World","Carbon Sequestration|CCS|Biomass","Mt CO2/yr","",0,0,0,0.0528,1.9021,9.6679,192.9498,904.102,2412.2837,4611.5048,6987.5745,8866.1027,"",11218.5925,"",12726.8426,"",13547.337,"",14221.8778
"REMIND 1.7","ADVANCE_INDC","World","Carbon Sequestration|CCS|Biomass","Mt CO2/yr","",0,0,0,0.0528,1.9021,9.6679,27.1714,54.9733,90.556,130.5681,171.1792,211.3612,"",325.7735,"",564.8146,"",938.7553,"",1379.4822
"REMIND 1.7","ADVANCE_NoPolicy","World","Carbon Sequestration|CCS|Biomass","Mt CO2/yr","",0,0,0,0,0,0,0,0,0,0,0,0,"",0,"",0,"",0,"",0
"REMIND 1.7","ADVANCE_Reference","World","Carbon Sequestration|CCS|Biomass","Mt CO2/yr","",0,0,0,0.0528,0.146,0.186,0.1846,0.1819,0.1779,0.1717,0.1626,0.1558,"",0.1364,"",0.1377,"",0.1354,"",1.9589
"REMIND 1.7","CEMICS-1.5-CDR12","World","Carbon Sequestration|CCS|Biomass","Mt CO2/yr","",0,0,0,0,98.2717,534.7137,1536.076,2906.183,3895.08,4338.037,4698.57,5118.74,"",6248.809,"",7101.045,"",7049.039,"",6042.497
"REMIND 1.7","CEMICS-1.5-CDR20","World","Carbon Sequestration|CCS|Biomass","Mt CO2/yr","",0,0,0,0,44.3421,273.4734,922.4527,2135.278,3776.675,5423.255,6684.152,7461.578,"",7924.598,"",7540.86,"",7154.97,"",6893.979
"REMIND 1.7","CEMICS-1.5-CDR8","World","Carbon Sequestration|CCS|Biomass","Mt CO2/yr","",0,0,0,0,133.1456,702.1359,1790.245,2658.934,3081.39,3513.133,3973.586,4389.441,"",4856.913,"",5272.922,"",5439.218,"",4602.387
"REMIND 1.7","CEMICS-2.0-CDR12","World","Carbon Sequestration|CCS|Biomass","Mt CO2/yr","",0,0,0,0,19.7452,130.643,472.861,1160.733,2197.996,3499.409,4880.368,6055.579,"",7303.849,"",7940.235,"",8607.244,"",8309.822
"REMIND 1.7","CEMICS-2.0-CDR20","World","Carbon Sequestration|CCS|Biomass","Mt CO2/yr","",0,0,0,0,8.1275,55.0615,212.4315,560.6236,1172.344,2135.099,3488.432,5076.702,"",7733.607,"",8895.963,"",8704.395,"",8306.807
"REMIND 1.7","CEMICS-2.0-CDR8","World","Carbon Sequestration|CCS|Biomass","Mt CO2/yr","",0,0,0,0,26.5689,159.7142,527.3327,1194.357,2012.061,2611.478,2889.705,3063.076,"",3484.765,"",4145.77,"",5278.626,"",6074.765
"REMIND 1.7","CEMICS-Ref","World","Carbon Sequestration|CCS|Biomass","Mt CO2/yr","",0,0,0,0,0,0,0,0,0,0,0,0,"",0,"",0,"",0,"",0
"REMIND-MAgPIE 1.5","SSP1-19","World","Carbon Sequestration|CCS|Biomass","Mt CO2/yr","",0,0,"",0.0598,"",424,"",3790,"",9330,"",10900,"",11300,"",11600,"",12000,"",12100
"REMIND-MAgPIE 1.5","SSP1-26","World","Carbon Sequestration|CCS|Biomass","Mt CO2/yr","",0,0,"",0.0598,"",39.7,"",441,"",2150,"",5360,"",8290,"",9840,"",10600,"",11000
"REMIND-MAgPIE 1.5","SSP1-34","World","Carbon Sequestration|CCS|Biomass","Mt CO2/yr","",0,0,"",0.0598,"",1.41,"",28.9,"",211,"",885,"",2420,"",4800,"",7070,"",8810
"REMIND-MAgPIE 1.5","SSP1-45","World","Carbon Sequestration|CCS|Biomass","Mt CO2/yr","",0,0,"",0.0598,"",0.165,"",0.162,"",0.168,"",1.22,"",17.3,"",95.3,"",340,"",917
"REMIND-MAgPIE 1.5","SSP1-Baseline","World","Carbon Sequestration|CCS|Biomass","Mt CO2/yr","",0,0,"",0,"",0,"",0,"",0,"",0,"",0,"",0,"",0,"",0
"REMIND-MAgPIE 1.5","SSP2-19","World","Carbon Sequestration|CCS|Biomass","Mt CO2/yr","",0,0,"",0.308,"",1000,"",8090,"",12800,"",14000,"",14700,"",15400,"",15700,"",15900
"REMIND-MAgPIE 1.5","SSP2-26","World","Carbon Sequestration|CCS|Biomass","Mt CO2/yr","",0,0,"",0.308,"",98.5,"",1050,"",4240,"",8460,"",11400,"",13700,"",15100,"",15600
"REMIND-MAgPIE 1.5","SSP2-34","World","Carbon Sequestration|CCS|Biomass","Mt CO2/yr","",0,0,"",0.308,"",30.8,"",272,"",918,"",2180,"",4310,"",7600,"",11500,"",14100
"REMIND-MAgPIE 1.5","SSP2-45","World","Carbon Sequestration|CCS|Biomass","Mt CO2/yr","",0,0,"",0.308,"",11.8,"",97,"",364,"",796,"",1300,"",1950,"",2710,"",3200
"REMIND-MAgPIE 1.5","SSP2-60","World","Carbon Sequestration|CCS|Biomass","Mt CO2/yr","",0,0,"",0.308,"",0.654,"",0.648,"",0.917,"",3.85,"",18.4,"",62.2,"",160,"",298
"REMIND-MAgPIE 1.5","SSP2-Baseline","World","Carbon Sequestration|CCS|Biomass","Mt CO2/yr","",0,0,"",0,"",0,"",0,"",0,"",0,"",0,"",0,"",0,"",0
"REMIND-MAgPIE 1.5","SSP5-19","World","Carbon Sequestration|CCS|Biomass","Mt CO2/yr","",0,0,"",0.168,"",590,"",6600,"",16100,"",19200,"",20500,"",21600,"",22100,"",22500
"REMIND-MAgPIE 1.5","SSP5-26","World","Carbon Sequestration|CCS|Biomass","Mt CO2/yr","",0,0,"",0.168,"",134,"",1700,"",7430,"",14000,"",17200,"",19400,"",21000,"",22100
"REMIND-MAgPIE 1.5","SSP5-34","World","Carbon Sequestration|CCS|Biomass","Mt CO2/yr","",0,0,"",0.168,"",43.3,"",477,"",2020,"",5780,"",10200,"",14900,"",19400,"",21100
"REMIND-MAgPIE 1.5","SSP5-45","World","Carbon Sequestration|CCS|Biomass","Mt CO2/yr","",0,0,"",0.168,"",35.4,"",380,"",1600,"",4070,"",6500,"",8380,"",10100,"",10800
"REMIND-MAgPIE 1.5","SSP5-60","World","Carbon Sequestration|CCS|Biomass","Mt CO2/yr","",0,0,"",0.168,"",5.96,"",55.3,"",219,"",513,"",910,"",1420,"",2100,"",2810
"REMIND-MAgPIE 1.5","SSP5-Baseline","World","Carbon Sequestration|CCS|Biomass","Mt CO2/yr","",0,0,"",0,"",0,"",0,"",0,"",0,"",0,"",0,"",0,"",0
"REMIND-MAgPIE 1.7-3.0","CD-LINKS_INDCi","World","Carbon Sequestration|CCS|Biomass","Mt CO2/yr","",0,0,0,1.5691,3.8428,7.2927,16.397,33.4018,60.4364,99.7682,153.4564,219.1842,"",384.3214,"",620.8994,"",916.3798,"",1229.551
"REMIND-MAgPIE 1.7-3.0","CD-LINKS_NPi","World","Carbon Sequestration|CCS|Biomass","Mt CO2/yr","",0,0,0,1.5691,3.165,3.1799,3.1317,3.0148,2.7812,2.3703,1.7107,0.7234,"",0.1363,"",0.1367,"",0.1353,"",0.2689
"REMIND-MAgPIE 1.7-3.0","CD-LINKS_NPi2020_1000","World","Carbon Sequestration|CCS|Biomass","Mt CO2/yr","",0,0,0,1.5691,22.4089,123.035,433.7515,1109.894,2215.029,3728.33,5452.74,6980.01,"",9126.323,"",10495.06,"",11750.5,"",12736.72
"REMIND-MAgPIE 1.7-3.0","CD-LINKS_NPi2020_1600","World","Carbon Sequestration|CCS|Biomass","Mt CO2/yr","",0,0,0,1.5691,9.1075,39.6099,134.4358,347.0722,712.6487,1248.966,1969.22,2809.326,"",4418.724,"",5790.249,"",6893.966,"",8413.676
"REMIND-MAgPIE 1.7-3.0","CD-LINKS_NPi2020_400","World","Carbon Sequestration|CCS|Biomass","Mt CO2/yr","",0,0,0,1.5691,79.2739,447.6948,1439.937,3183.764,5376.012,7606.074,9497.963,10860.71,"",12666.24,"",13471.93,"",14096.89,"",15118.5
"REMIND-MAgPIE 1.7-3.0","CD-LINKS_NoPolicy","World","Carbon Sequestration|CCS|Biomass","Mt CO2/yr","",0,0,0,0,0,0,0,0,0,0,0,0,"",0,"",0,"",0,"",0
"REMIND-MAgPIE 1.7-3.0","EMF33_1.5C_cost100","World","Carbon Sequestration|CCS|Biomass","Mt CO2/yr","",0,0,0,0,51.0246,322.3123,1201.655,3195.122,6389.349,9957.42,12687.94,14232.01,"",15490.31,"",16056.51,"",16184.32,"",16273.47
"REMIND-MAgPIE 1.7-3.0","EMF33_1.5C_full","World","Carbon Sequestration|CCS|Biomass","Mt CO2/yr","",0,0,0,0,93.4423,601.8739,2179.075,5264.55,9066.011,12033.28,13720.43,14592.89,"",15439.12,"",16015.09,"",16195.31,"",16279.27
"REMIND-MAgPIE 1.7-3.0","EMF33_1.5C_nofuel","World","Carbon Sequestration|CCS|Biomass","Mt CO2/yr","",0,0,0,0,135.4188,972.8283,3652.979,8256.493,12374.49,14565.95,15497.65,15850.62,"",16106.3,"",16155.64,"",16221.27,"",16285.51
"REMIND-MAgPIE 1.7-3.0","EMF33_Baseline","World","Carbon Sequestration|CCS|Biomass","Mt CO2/yr","",0,0,0,0,0,0,0,0,0,0,0,0,"",0,"",0,"",0,"",0
"REMIND-MAgPIE 1.7-3.0","EMF33_Med2C_cost100","World","Carbon Sequestration|CCS|Biomass","Mt CO2/yr","",0,0,0,0,0.6698,4.5369,21.5758,77.6848,230.2965,591.1138,1333.74,2557.416,"",6334.08,"",10988.64,"",14239.57,"",15822.8
"REMIND-MAgPIE 1.7-3.0","EMF33_Med2C_full","World","Carbon Sequestration|CCS|Biomass","Mt CO2/yr","",0,0,0,0,5.8102,38.5421,155.0714,465.0466,1120.381,2272.409,3948.542,5835.754,"",8926.484,"",11798.11,"",14459.81,"",15776.94
"REMIND-MAgPIE 1.7-3.0","EMF33_Med2C_limbio","World","Carbon Sequestration|CCS|Biomass","Mt CO2/yr","",0,0,0,0,10.5145,73.2898,294.8176,824.0754,1713.485,2780.931,3647.45,4196.658,"",4900.924,"",5582.168,"",6074.401,"",6428.922
"REMIND-MAgPIE 1.7-3.0","EMF33_Med2C_nobeccs","World","Carbon Sequestration|CCS|Biomass","Mt CO2/yr","",0,0,0,0,0,0,0,0,0,0,0,0,"",0,"",0,"",0,"",0
"REMIND-MAgPIE 1.7-3.0","EMF33_Med2C_nofuel","World","Carbon Sequestration|CCS|Biomass","Mt CO2/yr","",0,0,0,0,6.3529,45.624,188.0937,560.2864,1329.643,2673.592,4741.292,7309.499,"",11373.49,"",14057.42,"",15889.09,"",16220.82
"REMIND-MAgPIE 1.7-3.0","EMF33_Med2C_none","World","Carbon Sequestration|CCS|Biomass","Mt CO2/yr","",0,0,0,0,0,0,0,0,0,0,0,0,"",0,"",0,"",0,"",0
"REMIND-MAgPIE 1.7-3.0","EMF33_WB2C_cost100","World","Carbon Sequestration|CCS|Biomass","Mt CO2/yr","",0,0,0,0,4.3258,30.7085,132.2532,425.6914,1113.787,2464.438,4654.128,7355.903,"",11951.34,"",14680.08,"",15818.31,"",16149.68
"REMIND-MAgPIE 1.7-3.0","EMF33_WB2C_full","World","Carbon Sequestration|CCS|Biomass","Mt CO2/yr","",0,0,0,0,19.5698,127.4244,493.8595,1387.643,3038.284,5405.627,7969.915,9997.737,"",12801.5,"",14941.38,"",15808.95,"",16147.76
"REMIND-MAgPIE 1.7-3.0","EMF33_WB2C_limbio","World","Carbon Sequestration|CCS|Biomass","Mt CO2/yr","",0,0,0,0,74.0082,485.9156,1720.996,3706.977,5199.203,5835.489,6237.989,6438.075,"",6684.427,"",6742.547,"",6735.523,"",6835.242
"REMIND-MAgPIE 1.7-3.0","EMF33_WB2C_nobeccs","World","Carbon Sequestration|CCS|Biomass","Mt CO2/yr","",0,0,0,0,0,0,0,0,0,0,0,0,"",0,"",0,"",0,"",0
"REMIND-MAgPIE 1.7-3.0","EMF33_WB2C_nofuel","World","Carbon Sequestration|CCS|Biomass","Mt CO2/yr","",0,0,0,0,34.04,214.6965,801.2079,2164.171,4507.019,7552.098,10466.76,12520.37,"",14801.2,"",15903.49,"",16170.31,"",16239.98
"REMIND-MAgPIE 1.7-3.0","EMF33_WB2C_none","World","Carbon Sequestration|CCS|Biomass","Mt CO2/yr","",0,0,0,0,0,0,0,0,0,0,0,0,"",0,"",0,"",0,"",0
"REMIND-MAgPIE 1.7-3.0","EMF33_tax_hi_full","World","Carbon Sequestration|CCS|Biomass","Mt CO2/yr","",0,0,0,0,17.3114,113.7009,443.9332,1254.918,2771.071,4996.079,7501.523,9633.555,"",12779.28,"",15010.17,"",15849.27,"",16131.72
"REMIND-MAgPIE 1.7-3.0","EMF33_tax_hi_none","World","Carbon Sequestration|CCS|Biomass","Mt CO2/yr","",0,0,0,0,0,0,0,0,0,0,0,0,"",0,"",0,"",0,"",0
"REMIND-MAgPIE 1.7-3.0","EMF33_tax_lo_full","World","Carbon Sequestration|CCS|Biomass","Mt CO2/yr","",0,0,0,0,2.7353,17.2193,65.6965,189.4802,447.2769,901.5203,1593.449,2470.761,"",4377.805,"",6132.867,"",7559.831,"",8759.452
"REMIND-MAgPIE 1.7-3.0","EMF33_tax_lo_none","World","Carbon Sequestration|CCS|Biomass","Mt CO2/yr","",0,0,0,0,0,0,0,0,0,0,0,0,"",0,"",0,"",0,"",0
"REMIND-MAgPIE 1.7-3.0","PEP_1p5C_full_NDC","World","Carbon Sequestration|CCS|Biomass","Mt CO2/yr","",0,0,0,1.2949,2.668,4.4219,373.8373,1973.054,5087.077,8426.586,10699.6,12075.69,"",13722.88,"",14383.57,"",14559.43,"",14712.44
"REMIND-MAgPIE 1.7-3.0","PEP_1p5C_full_eff","World","Carbon Sequestration|CCS|Biomass","Mt CO2/yr","",0,0,0,1.988,62.988,342.3258,1095.474,2487.261,4352.009,6356.807,8106.54,9440.531,"",11439.78,"",12502.58,"",13062.46,"",13987.89
"REMIND-MAgPIE 1.7-3.0","PEP_1p5C_full_goodpractice","World","Carbon Sequestration|CCS|Biomass","Mt CO2/yr","",0,0,0,1.5124,3.4985,7.2794,338.5259,1734.461,4501.503,7667.612,9961.107,11435.48,"",13323.82,"",14035.19,"",14275.55,"",14462.43
"REMIND-MAgPIE 1.7-3.0","PEP_1p5C_full_netzero","World","Carbon Sequestration|CCS|Biomass","Mt CO2/yr","",0,0,0,1.988,5.2663,12.1509,315.2146,1562.909,3987.764,6838.544,9081.439,10654.58,"",12860.85,"",13809,"",14067.65,"",14263.73
"REMIND-MAgPIE 1.7-3.0","PEP_1p5C_red_eff","World","Carbon Sequestration|CCS|Biomass","Mt CO2/yr","",0,0,0,1.988,235.4815,1385.055,3728.347,5416.104,5798.99,6063.766,6265.669,6363.067,"",6384.63,"",6263.151,"",6474.07,"",6036.711
"REMIND-MAgPIE 1.7-3.0","PEP_2C_full_NDC","World","Carbon Sequestration|CCS|Biomass","Mt CO2/yr","",0,0,0,1.2949,2.668,4.4219,143.5235,694.1093,1858.298,3580.955,5546.085,7340.291,"",9953.485,"",11603.24,"",12552.5,"",12994.5
"REMIND-MAgPIE 1.7-3.0","PEP_2C_full_eff","World","Carbon Sequestration|CCS|Biomass","Mt CO2/yr","",0,0,0,1.988,17.7095,83.8889,292.5482,765.3941,1563.448,2684.601,4072.119,5520.934,"",7861.774,"",9318.117,"",10469.8,"",11413.34
"REMIND-MAgPIE 1.7-3.0","PEP_2C_full_goodpractice","World","Carbon Sequestration|CCS|Biomass","Mt CO2/yr","",0,0,0,1.5124,3.4985,7.2794,122.7569,570.9906,1530.672,3010.354,4798.547,6475.187,"",8987.918,"",10713.02,"",11888.83,"",12580.22
"REMIND-MAgPIE 1.7-3.0","PEP_2C_full_netzero","World","Carbon Sequestration|CCS|Biomass","Mt CO2/yr","",0,0,0,1.988,5.2663,12.1509,117.279,512.2105,1347.134,2603.182,4135.413,5706.249,"",8201.361,"",9892.249,"",11093.56,"",11752.13
"REMIND-MAgPIE 1.7-3.0","PEP_2C_red_NDC","World","Carbon Sequestration|CCS|Biomass","Mt CO2/yr","",0,0,0,1.2949,2.668,4.4219,374.2028,1873.553,4156.334,5468.382,5743.076,5851.559,"",6028.708,"",6085.463,"",5707.941,"",6034.036
"REMIND-MAgPIE 1.7-3.0","PEP_2C_red_eff","World","Carbon Sequestration|CCS|Biomass","Mt CO2/yr","",0,0,0,1.988,47.0226,240.0115,739.8413,1637.644,2751.598,3710.44,4285.693,4560.062,"",4969.666,"",5167.133,"",5063.33,"",5300.405
"REMIND-MAgPIE 1.7-3.0","PEP_2C_red_goodpractice","World","Carbon Sequestration|CCS|Biomass","Mt CO2/yr","",0,0,0,1.5124,3.4985,7.2794,311.0103,1518.71,3521.994,4897.568,5288.195,5405.68,"",5629.544,"",5820.421,"",5578.309,"",5860.653
"REMIND-MAgPIE 1.7-3.0","PEP_2C_red_netzero","World","Carbon Sequestration|CCS|Biomass","Mt CO2/yr","",0,0,0,1.988,5.2663,12.1509,275.529,1309.539,3055.167,4404.169,4908.713,5073.284,"",5356.158,"",5552.02,"",5447.791,"",5743.914
"REMIND-MAgPIE 1.7-3.0","SMP_1p5C_Def","World","Carbon Sequestration|CCS|Biomass","Mt CO2/yr","",0,0,0,15.2077,104.3602,422.9222,1237.578,2704.514,4630.242,6586.934,8254.278,9568.266,"",11522.89,"",12555.23,"",12796.13,"",13342.02
"REMIND-MAgPIE 1.7-3.0","SMP_1p5C_Sust","World","Carbon Sequestration|CCS|Biomass","Mt CO2/yr","",0,0,0,14.4868,94.1514,351.6106,940.8959,1835.027,2741.508,3400.108,3858.39,4232.057,"",4865.597,"",5148.586,"",5369.577,"",5727.88
"REMIND-MAgPIE 1.7-3.0","SMP_1p5C_early","World","Carbon Sequestration|CCS|Biomass","Mt CO2/yr","",0,0,0,46.3808,304.7744,1114.057,2807.533,5053.239,6973.302,8277.407,9184.212,9833.561,"",10549.16,"",10396.07,"",10241.87,"",10650.33
"REMIND-MAgPIE 1.7-3.0","SMP_1p5C_lifesty","World","Carbon Sequestration|CCS|Biomass","Mt CO2/yr","",0,0,0,7.8588,55.1857,227.9268,691.1732,1598.681,2920.644,4466.525,5956.978,7207.351,"",8763.037,"",9336.6,"",9718.438,"",10347.82
"REMIND-MAgPIE 1.7-3.0","SMP_1p5C_regul","World","Carbon Sequestration|CCS|Biomass","Mt CO2/yr","",0,0,0,14.2564,101.4261,401.7195,1113.594,2210.856,3349.655,4293.351,5042.954,5595.314,"",6213.267,"",6495.292,"",6687.643,"",6934.606
"REMIND-MAgPIE 1.7-3.0","SMP_2C_Def","World","Carbon Sequestration|CCS|Biomass","Mt CO2/yr","",0,0,0,4.424,29.6004,123.5505,398.8648,990.9208,1961.74,3290.552,4892.497,6521.896,"",8985.703,"",10483.11,"",11673.21,"",12452.75
"REMIND-MAgPIE 1.7-3.0","SMP_2C_Sust","World","Carbon Sequestration|CCS|Biomass","Mt CO2/yr","",0,0,0,1.6055,12.3361,50.1563,144.7355,329.3479,616.532,988.7234,1395.359,1781.926,"",2317.82,"",2626.163,"",3045.311,"",3508.359
"REMIND-MAgPIE 1.7-3.0","SMP_2C_early","World","Carbon Sequestration|CCS|Biomass","Mt CO2/yr","",0,0,0,12.0164,82.3192,333.539,977.509,2117.981,3574.603,5036.7,6241.291,7103.537,"",7909.263,"",7942.385,"",8016.731,"",8814.939
"REMIND-MAgPIE 1.7-3.0","SMP_2C_lifesty","World","Carbon Sequestration|CCS|Biomass","Mt CO2/yr","",0,0,0,1.6475,12.941,57.0252,182.8,441.9668,871.2291,1503.164,2353.552,3354.757,"",5270.352,"",6665.768,"",7744.349,"",8628.521
"REMIND-MAgPIE 1.7-3.0","SMP_2C_regul","World","Carbon Sequestration|CCS|Biomass","Mt CO2/yr","",0,0,0,3.23,23.4681,99.9934,316.2467,768.7239,1471.366,2304.47,3062.345,3687.718,"",4792.492,"",5641.335,"",6060.627,"",6417.825
"REMIND-MAgPIE 1.7-3.0","SMP_REF_Def","World","Carbon Sequestration|CCS|Biomass","Mt CO2/yr","",0,0,0,0,0,0,0,0,0,0,0,0,"",0,"",0,"",0,"",0
"REMIND-MAgPIE 1.7-3.0","SMP_REF_Sust","World","Carbon Sequestration|CCS|Biomass","Mt CO2/yr","",0,0,0,0,0,0,0,0,0,0,0,0,"",0,"",0,"",0,"",0
"WITCH-GLOBIOM 3.1","SSP1-19","World","Carbon Sequestration|CCS|Biomass","Mt CO2/yr","",0.095148628,0.071539471,"",102.6942492,"",1238.989349,"",2945.466909,"",5343.98831,"",7948.835588,"",10927.13333,"",15199.62527,"",16761.07913,"",16655.13953
"WITCH-GLOBIOM 3.1","SSP1-26","World","Carbon Sequestration|CCS|Biomass","Mt CO2/yr","",0.095148628,0.071539471,"",242.7452172,"",1672.230143,"",3464.093,"",5474.298768,"",6472.203508,"",7694.973128,"",7843.582891,"",7312.890822,"",9232.774994
"WITCH-GLOBIOM 3.1","SSP1-34","World","Carbon Sequestration|CCS|Biomass","Mt CO2/yr","",0.095148628,0.071539471,"",2.475117269,"",71.86163858,"",239.6714189,"",765.6062773,"",1521.494591,"",3312.582254,"",5734.542697,"",6639.813296,"",6904.330461
"WITCH-GLOBIOM 3.1","SSP1-45","World","Carbon Sequestration|CCS|Biomass","Mt CO2/yr","",0.095148628,0.071539471,"",0.06583748,"",0.055805017,"",0.047778111,"",6.553642709,"",92.86937063,"",169.7856174,"",281.3650199,"",580.2990266,"",913.2905549
"WITCH-GLOBIOM 3.1","SSP1-Baseline","World","Carbon Sequestration|CCS|Biomass","Mt CO2/yr","",0.095148628,0.071539471,"",0.059852267,"",0.050731846,"",0.043434658,"",0.037471782,"",0.033007345,"",0.02666267,"",0.023990488,"",0.021624621,"",0.015179737
"WITCH-GLOBIOM 3.1","SSP2-26","World","Carbon Sequestration|CCS|Biomass","Mt CO2/yr","",0.095148628,0.071539471,"",423.8499115,"",2625.411747,"",4438.140984,"",5593.027192,"",6987.216054,"",10826.67541,"",15256.58607,"",13273.80892,"",11865.54147
"WITCH-GLOBIOM 3.1","SSP2-34","World","Carbon Sequestration|CCS|Biomass","Mt CO2/yr","",0.095148628,0.071539471,"",77.74450359,"",514.1572434,"",1219.701287,"",2362.916953,"",4675.753894,"",7981.794196,"",10951.78666,"",14895.91003,"",11102.05162
"WITCH-GLOBIOM 3.1","SSP2-45","World","Carbon Sequestration|CCS|Biomass","Mt CO2/yr","",0.095148628,0.071539471,"",1.284256,"",52.61719588,"",224.9348021,"",710.7342706,"",1605.725825,"",3374.037706,"",6257.409012,"",8179.115144,"",8643.990319
"WITCH-GLOBIOM 3.1","SSP2-60","World","Carbon Sequestration|CCS|Biomass","Mt CO2/yr","",0.095148628,0.071539471,"",0.06028996,"",0.052870865,"",0.043049074,"",0.039855505,"",7.744692404,"",193.7380698,"",771.9259553,"",1629.499116,"",1382.790671
"WITCH-GLOBIOM 3.1","SSP2-Baseline","World","Carbon Sequestration|CCS|Biomass","Mt CO2/yr","",0.095148628,0.071539471,"",0.06028996,"",0.047583792,"",0.038265858,"",0.035427129,"",0.029616205,"",0.029034118,"",0.028662953,"",0.032487161,"",0.016157407
"WITCH-GLOBIOM 3.1","SSP3-34","World","Carbon Sequestration|CCS|Biomass","Mt CO2/yr","",0.095148628,0.071539471,"",189.3862355,"",1060.165246,"",1714.21693,"",3024.742748,"",4947.85677,"",6453.435169,"",7682.649117,"",11113.53887,"",12499.09154
"WITCH-GLOBIOM 3.1","SSP3-45","World","Carbon Sequestration|CCS|Biomass","Mt CO2/yr","",0.095148628,0.071539471,"",4.02310292,"",94.70180948,"",371.6088079,"",780.6705613,"",1402.595461,"",2479.066459,"",4422.73472,"",7629.071133,"",8986.833761
"WITCH-GLOBIOM 3.1","SSP3-60","World","Carbon Sequestration|CCS|Biomass","Mt CO2/yr","",0.095148628,0.071539471,"",0.054260978,"",0.052870865,"",0.038265858,"",0.752848101,"",61.56964394,"",453.8949644,"",928.3273953,"",1667.285793,"",2372.833714
"WITCH-GLOBIOM 3.1","SSP3-Baseline","World","Carbon Sequestration|CCS|Biomass","Mt CO2/yr","",0.095148628,0.071539471,"",0.048231996,"",0.042296719,"",0.028699426,"",0.022142003,"",0.016923599,"",0.020738691,"",0.024568263,"",0.028426282,"",0.028275369
"WITCH-GLOBIOM 3.1","SSP4-19","World","Carbon Sequestration|CCS|Biomass","Mt CO2/yr","",0.095148628,0.071539471,"",86.96927151,"",1215.803805,"",2917.223384,"",5313.404391,"",7939.617545,"",10900.71592,"",15111.48519,"",17111.47121,"",19456.48533
"WITCH-GLOBIOM 3.1","SSP4-26","World","Carbon Sequestration|CCS|Biomass","Mt CO2/yr","",0.095148628,0.071539471,"",192.327268,"",1417.977409,"",3792.473423,"",7261.227166,"",12162.43891,"",13379.4613,"",13984.74921,"",12395.31074,"",10991.23816
"WITCH-GLOBIOM 3.1","SSP4-34","World","Carbon Sequestration|CCS|Biomass","Mt CO2/yr","",0.095148628,0.071539471,"",3.051721897,"",130.0113848,"",801.1096916,"",2264.122386,"",4351.008778,"",8469.937085,"",11370.18743,"",12098.84683,"",9487.447036
"WITCH-GLOBIOM 3.1","SSP4-45","World","Carbon Sequestration|CCS|Biomass","Mt CO2/yr","",0.095148628,0.071539471,"",0.066644274,"",0.060111781,"",19.40596129,"",244.1956678,"",721.1792052,"",1920.488477,"",3835.999345,"",4210.011677,"",3362.065722
"WITCH-GLOBIOM 3.1","SSP4-60","World","Carbon Sequestration|CCS|Biomass","Mt CO2/yr","",0.095148628,0.071539471,"",0.066644274,"",0.054580478,"",0.046302132,"",0.04531662,"",0.040602852,"",0.042566083,"",0.045121131,"",0.03692874,"",5.133186517
"WITCH-GLOBIOM 3.1","SSP4-Baseline","World","Carbon Sequestration|CCS|Biomass","Mt CO2/yr","",0.095148628,0.071539471,"",0.060615292,"",0.049049175,"",0.046302132,"",0.04531662,"",0.040602852,"",0.042566083,"",0.045121131,"",0.028806981,"",6.817924819
"WITCH-GLOBIOM 3.1","SSP5-34","World","Carbon Sequestration|CCS|Biomass","Mt CO2/yr","",0.095148628,0.071539471,"",254.5983984,"",2962.717839,"",5858.500599,"",10528.89361,"",12760.7878,"",14348.83226,"",14980.84655,"",13946.21768,"",10729.57643
"WITCH-GLOBIOM 3.1","SSP5-45","World","Carbon Sequestration|CCS|Biomass","Mt CO2/yr","",0.095148628,0.071539471,"",33.03711074,"",327.4946246,"",944.6668992,"",2173.597855,"",4344.972487,"",7408.506148,"",10971.28875,"",11611.67244,"",11813.42988
"WITCH-GLOBIOM 3.1","SSP5-60","World","Carbon Sequestration|CCS|Biomass","Mt CO2/yr","",0.095148628,0.071539471,"",0.06075472,"",6.198343694,"",116.3426938,"",577.0310678,"",1608.835781,"",2655.73948,"",4606.155125,"",6392.057747,"",9395.589875
"WITCH-GLOBIOM 3.1","SSP5-Baseline","World","Carbon Sequestration|CCS|Biomass","Mt CO2/yr","",0.095148628,0.071539471,"",0.048603804,"",0.044250562,"",0.037277876,"",0.037370056,"",0.039074295,"",0.04217207,"",0.045971837,"",0.050412124,"",8.9069126
"WITCH-GLOBIOM 4.2","ADVANCE_2020_1.5C-2100","World","Carbon Sequestration|CCS|Biomass","Mt CO2/yr","",0.000925572,0.009215622,31.68243976,88.06503092,358.8053065,885.441176,1731.109825,2830.596483,4053.571842,5443.226695,6653.938004,7863.998277,9316.722627,11237.15528,13892.96376,15318.39428,16612.31787,18185.93884,18785.35536,19183.17046
"WITCH-GLOBIOM 4.2","ADVANCE_2020_Med2C","World","Carbon Sequestration|CCS|Biomass","Mt CO2/yr","",0.000925572,0.009215622,31.68243976,88.06503092,309.2203134,668.9552897,1130.207155,1583.966276,2298.140264,3403.245709,4349.529015,5939.096379,8321.709446,11360.37822,14344.38411,15377.86493,16664.14187,18200.43617,18778.62471,19199.40665
"WITCH-GLOBIOM 4.2","ADVANCE_2020_WB2C","World","Carbon Sequestration|CCS|Biomass","Mt CO2/yr","",0.000925572,0.009215622,31.68243976,88.06503092,358.8053065,885.441176,1445.704352,2183.449021,3165.259045,4628.097396,5758.61666,7302.508915,9058.384116,11370.19046,14256.34486,15909.97949,17170.9183,18677.50461,19204.02339,19536.19281
"WITCH-GLOBIOM 4.2","ADVANCE_2030_Med2C","World","Carbon Sequestration|CCS|Biomass","Mt CO2/yr","",0.000925572,0.009215622,31.68243976,88.06503092,286.716591,569.6717677,1012.265428,1646.994259,2480.551043,3294.312376,4324.512446,6115.654158,8273.064081,10318.93173,13281.63517,14595.31366,16056.37549,17714.8358,18506.38858,19140.83157
"WITCH-GLOBIOM 4.2","ADVANCE_2030_Price1.5C","World","Carbon Sequestration|CCS|Biomass","Mt CO2/yr","",0.000925572,0.009215622,31.68243976,88.06503092,286.716591,569.6717677,1126.458273,2032.555524,3038.261733,4308.949251,5759.90683,7067.938772,8843.944951,11167.65759,13952.21673,15131.40205,16199.95244,17402.55785,18207.7288,18838.08166
"WITCH-GLOBIOM 4.2","ADVANCE_2030_WB2C","World","Carbon Sequestration|CCS|Biomass","Mt CO2/yr","",0.000925572,0.009215622,31.68243976,88.06503092,286.716591,569.6717677,1126.458273,2032.555524,2942.772927,4122.185723,5426.051153,6588.29131,8285.857876,10540.06611,13609.41591,15150.4599,16662.7559,18353.59233,19073.74067,19594.66917
"WITCH-GLOBIOM 4.2","ADVANCE_INDC","World","Carbon Sequestration|CCS|Biomass","Mt CO2/yr","",0.000925572,0.009215622,31.68243976,88.06503092,286.716591,569.6717677,768.8504361,1082.118155,1438.537901,1875.002246,2528.675198,3554.579858,3925.736066,4229.752233,4045.806472,3934.463415,4245.390174,4460.112049,4427.526616,4358.38669
"WITCH-GLOBIOM 4.2","ADVANCE_NoPolicy","World","Carbon Sequestration|CCS|Biomass","Mt CO2/yr","",0.000925572,0.009215622,0.015663055,0.020537163,0.024194516,0.026911281,0.028901406,0.030330679,0.031327586,0.036201095,0.036663394,0.037463334,0.0380964,0.038597405,0.038993896,0.039307676,0.039556,0.039752521,0.023621556,0.019632314
"WITCH-GLOBIOM 4.2","ADVANCE_Reference","World","Carbon Sequestration|CCS|Biomass","Mt CO2/yr","",0.000925572,0.009215622,0.015663055,2.266847359,1.77336031,1.634065143,4.252237238,10.09377939,63.70050776,191.3278043,347.6209723,557.3995348,857.7263896,1280.26423,1858.393173,2373.104513,2446.315558,2255.227048,2040.451892,1851.313538
"WITCH-GLOBIOM 4.4","CD-LINKS_INDCi","World","Carbon Sequestration|CCS|Biomass","Mt CO2/yr","",0.000961423,0.014724513,0.00294444,0.012919938,16.81733904,74.72208067,63.46350492,82.01129935,106.3356465,134.8854799,"",205.7991062,"",248.2421571,"",275.7625741,"",267.439241,"",177.5325676
"WITCH-GLOBIOM 4.4","CD-LINKS_NPi","World","Carbon Sequestration|CCS|Biomass","Mt CO2/yr","",0.000961423,0.014724513,0.00294444,0.009203414,0.004338561,0.010712708,0.00845701,0.009256159,0.013514015,0.013965001,"",0.025602781,"",0.026416205,"",0.032233012,"",0.038401063,"",0.013111479
"WITCH-GLOBIOM 4.4","CD-LINKS_NPi2020_1000","World","Carbon Sequestration|CCS|Biomass","Mt CO2/yr","",0.000961423,0.014724513,0.00294444,0.009203414,170.1087419,559.307174,1224.308143,2057.814309,2897.594985,3836.120784,"",5495.006004,"",7120.282213,"",7232.285288,"",8139.077851,"",10585.83791
"WITCH-GLOBIOM 4.4","CD-LINKS_NPi2020_1600","World","Carbon Sequestration|CCS|Biomass","Mt CO2/yr","",0.000961423,0.014724513,0.00294444,0.009203414,134.2520249,449.6598586,967.7207425,1617.9307,2554.050009,3622.486259,"",5800.651437,"",6916.584777,"",7627.303572,"",8383.597766,"",9188.062597
"WITCH-GLOBIOM 4.4","CD-LINKS_NPi2020_400","World","Carbon Sequestration|CCS|Biomass","Mt CO2/yr","",0.000961423,0.014724513,0.00294444,0.009203414,170.1089986,585.2665617,1268.785381,2167.518758,3227.675589,4214.649517,"",6076.715043,"",8814.730095,"",12037.43206,"",13788.80159,"",13418.07688
"WITCH-GLOBIOM 4.4","CD-LINKS_NoPolicy","World","Carbon Sequestration|CCS|Biomass","Mt CO2/yr","",0.000961423,0.014724513,0.00294444,0.007758941,0.004338561,0.010712708,0.00871363,0.009512787,0.013514015,0.013965001,"",0.025602781,"",0.026416205,"",0.032233012,"",0.038401063,"",0.013111479
" IAMC 1.5C Scenario Explorer hosted by IIASA https://data.ene.iiasa.ac.at/iamc-1.5c-explorer"